全国地方公共団体コード,ID,地方公共団体名,名称,名称_カナ,名称_英字,名称_通称,POIコード,町字ID,所在地_都道府県,所在地_市区町村,所在地_町字,所在地_番地以下,建物名等（方書）,緯度,経度,高度の種別,高度の値,電話番号,内線番号,連絡先メールアドレス,連絡先FormURL,連絡先備考（その他、SNSなど）,郵便番号,法人番号,団体名,利用可能曜日,開始時間,終了時間,利用可能時間特記事項,説明,車椅子可,車椅子貸出,ツエ貸出,多目的トイレ,スロープ、エレベータ、エスカレータ,点字ブロック等の移動支援,点字や読上による支援,盲導犬・介助犬・聴導犬同伴,字幕,筆談対応,優先駐車場,オストメイト対応トイレ,授乳室,おむつ替えコーナー,飲食可否,ベビーカー貸出,ベビーカー利用,URL,画像,画像ライセンス,備考
372081,1000010001,香川県三豊市,財田診療所,サイタシンリョウショ,Saita Clinic,サイタシンリョウショ,1602,0001,香川県,三豊市,財田町財田上,1448番地1,,34.11918,133.77802,,,(0875)67-3800,,kenkou@city.mitoyo.lg.jp,,,7690401,7000020372081,三豊市,月火水木金,09:00,17:00,土日、祝日、年末年始は休診、月水木の午後は休診,,有,有,無,有,無,無,無,無,無,有,無,無,無,有,無,無,有,,,,
372081,1000010002,香川県三豊市,財田診療所医師住宅,サイタシンリョウショイシジュウタク, Doctor's Residence of Saita Clinic,財田診療所医師住宅,0401,0001,香川県,三豊市,財田町財田上,1448番地3,,34.11849099,133.7788588,,,,,kenkou@city.mitoyo.lg.jp,,,7690401,7000020372081,三豊市,,,,,,,,,,,,,,,,,,,,,,,,,,
372081,1000010003,香川県三豊市,財田診療所第２医師住宅,サイタシンリョウショダイニイシジュウタク,Second Doctor's Residence of Saita Clinic,財田診療所第２医師住宅,0401,0001,香川県,三豊市,財田町財田上,1448番地3,,34.11849099,133.7788588,,,,,kenkou@city.mitoyo.lg.jp,,,7690401,7000020372081,三豊市,,,,,,,,,,,,,,,,,,,,,,,,,,
372081,1000010004,香川県三豊市,財田町公民館,サイタチョウコウミンカン,,,1307,0001,香川県,三豊市,財田町財田上,2171-1,,34.11937528,133.7788773,,,(0875)67-0108,,,,,7690401,,,,,,,,,,,,,,,,,,,,,,,,,,,,
372081,1000010005,香川県三豊市,財田町公民館図書室,サイタチョウコウミンカントショシツ,,,1512,0001,香川県,三豊市,財田町財田上,2171-1,,34.11937528,133.7788773,,,(0875)67-0108,,,,,7690401,,,火水木金土日,09:30,18:00,,,,,,,,,,,,,,,,,,,,,,,
372081,1000010006,香川県三豊市,財田町国保高齢者保健福祉支援センター,サイタチョウコクホコウレイシャホケンフクシシエンセンター,Saita Health and Welfare Support Center for the Elderly founded by National Health Insurance,財田町国保高齢者保健福祉支援センター,1499,0001,香川県,三豊市,財田町財田上,2141番地,,34.11896,133.77834,,,(0875)67-0115,,kenkou@city.mitoyo.lg.jp,,,7690401,7000020372081,三豊市,月火水木金,08:30,17:15,祝日、年末年始は休館,,有,有,無,無,有,有,有,有,無,有,有,無,無,無,有,無,無,,,,
372081,1000010007,香川県三豊市,財田町水防倉庫,サイタチョウスイボウソウコ,,,2204,0001,香川県,三豊市,財田町財田上,2361-11,,34.11607513,133.7725042,,,,,,,,,,,,,,,,,,,,,,,,,,,,,,,,,,,,
372081,1000010008,香川県三豊市,財田町総合運動公園,サイタチョウソウゴウウンドウコウエン,,,1106,0001,香川県,三豊市,財田町財田上,2361-1,,34.1163987,133.7710905,,,(0875)67-3721,,,,,,,,火水木金土日,08:30,22:00,月曜祝日の場合は開館・翌日が休み,,有,無,無,有,無,無,無,無,無,無,有,無,無,無,無,無,無,,,,
372081,1000010009,香川県三豊市,財田町農産加工実習室,サイタチョウノウサンカコウジッシュウシツ,Saita-cho practical room of agricultural processing,,1305,0001,香川県,三豊市,財田町財田上,2171番地1,,34.11937528,133.7788773,,,,,,,,7690401,,三豊市,月火水木金土日,08:30,22:00,12/29～1/3は終日利用不可。,,有,無,無,無,無,無,無,無,無,無,無,無,無,無,無,無,無,,,,
372081,1000010010,香川県三豊市,財田B＆G海洋センター,サイタビーアンドジーカイヨウセンター,,,1110,0001,香川県,三豊市,財田町財田上,2361-1,,34.1163987,133.7710905,,,(0875)67-3721,,,,,,,,火水木金土日,08:30,22:00,月曜祝日の場合は開館・翌日が休み,,有,有,無,有,無,無,無,無,無,無,有,無,無,無,無,無,無,,,,
372081,1000010011,香川県三豊市,財田方面隊第１分団１部屯所,サイタホウメンタイダイイチブンダンイチブトンショ,,,2299,0001,香川県,三豊市,財田町財田上,5952-1,,34.13941103,133.8113576,,,,,,,,,,,,,,,,,,,,,,,,,,,,,,,,,,,,
372081,1000010012,香川県三豊市,財田方面隊第１分団３部屯所,サイタホウメンタイダイイチブンダンサンブトンショ,,,2299,0001,香川県,三豊市,財田町財田上,3487-2,,34.12277758,133.7808948,,,,,,,,,,,,,,,,,,,,,,,,,,,,,,,,,,,,
372081,1000010013,香川県三豊市,財田方面隊第１分団２部屯所,サイタホウメンタイダイイチブンダンニブトンショ,,,2299,0001,香川県,三豊市,財田町財田上,6458-4,,34.12738083,133.8079658,,,,,,,,,,,,,,,,,,,,,,,,,,,,,,,,,,,,
372081,1000010014,香川県三豊市,財田方面隊第３分団１部屯所,サイタホウメンタイダイサンブンダンイチブトンショ,,,2299,0001,香川県,三豊市,財田町財田上,2165-1,,34.11987478,133.7786688,,,,,,,,,,,,,,,,,,,,,,,,,,,,,,,,,,,,
372081,1000010015,香川県三豊市,財田方面隊第３分団２部屯所,サイタホウメンタイダイサンブンダンニブトンショ,,,2299,0001,香川県,三豊市,財田町財田上,1707-3,,34.11433329,133.7909797,,,,,,,,,,,,,,,,,,,,,,,,,,,,,,,,,,,,
372081,1000010016,香川県三豊市,財田方面隊第２分団１部屯所,サイタホウメンタイダイニブンダンイチブトンショ,,,2299,0001,香川県,三豊市,財田町財田上,130-1,,34.11142107,133.7990179,,,,,,,,,,,,,,,,,,,,,,,,,,,,,,,,,,,,
372081,1000010017,香川県三豊市,財田方面隊第２分団２部屯所,サイタホウメンタイダイニブンダンニブトンショ,,,2299,0001,香川県,三豊市,財田町財田上,7143-9,,34.12003745,133.813296,,,,,,,,,,,,,,,,,,,,,,,,,,,,,,,,,,,,
372081,1000010018,香川県三豊市,たからだの里「環の湯」,タカラダノサト　タマキノユ,,,,0001,香川県,三豊市,財田町財田上,1110番地8,,34.108511,133.796318,,,(0875)67-2614,,,,FAX:0875-67-2600,7690401,,,火水木金土日,10:00,21:00,月曜日が祝日の場合営業、翌火曜日は休館,,無,無,無,有,有,無,無,無,無,有,有,無,無,無,有,無,有,https://takaradanosato.co.jp,,,
372081,1000010019,香川県三豊市,たからだの里「物産館」,タカラダノサト　ブッサンカン,,,,0001,香川県,三豊市,財田町財田上,180番地6,,34.110082,133.798032,,,(0875)67-3883,,,,FAX:0875-67-3888,7690401,,,火水木金土日,08:00,18:00,月曜日が祝日の場合営業,,有,無,有,有,有,有,無,無,無,有,有,有,無,有,有,無,有,https://takaradanosato.co.jp,,,
372081,1000010020,香川県三豊市,たからだの里「ふるさと伝承館」,タカラダノサト　フルサトデンショウカン,,,,0001,香川県,三豊市,財田町財田上,1110番地4,,34.109648,133.796762,,,(0875)67-3883,,,,FAX:0875-67-3888,7690401,,,火水木金土日,09:00,18:00,月曜日が祝日の場合営業,,無,無,無,無,無,無,無,無,無,無,有,無,無,無,無,無,無,https://takaradanosato.co.jp,,,
372081,1000010021,香川県三豊市,たからだの里「湯の谷荘」,タカラダノサト　ユノタニソウ,,,,0001,香川県,三豊市,財田町財田上,1110番地5,,34.109603,133.796243,,,(0875)67-3926,,,,FAX:0875-67-2600,7690401,,,火水木金土日,,,月曜日が祝日の場合営業、翌火曜日は休館,チェックイン：15：00～、チェックアウト：～10：00,有,無,無,無,無,無,無,無,無,無,有,無,無,無,有,無,有,https://takaradanosato.co.jp,,,
372081,1000010022,香川県三豊市,たからだの里搭重山公園,タカラダノサトトウジュウヤマコウエン,Takaradanosato Tojuyama park,,1003,0001,香川県,三豊市,財田町財田上,7880番地,,34.10299742,133.7927593,,,,,,,,7680401,,三豊市,月火水木金土日,00:00,23:59,,,有,無,無,無,無,無,無,無,無,無,無,無,無,無,有,無,無,,,,
372081,1000010023,香川県三豊市,戸川ダム公衆トイレ,トガワダムコウシュウトイレ,,,2101,0001,香川県,三豊市,財田町財田上,1110-35,,34.10787065,133.7969341,,,,,,,,7690401,,,月火水木金土日,00:00,23:59,,,,,,,,,,,,,,,,,,,,,,,
372081,1000010024,香川県三豊市,三豊市役所財田庁舎,ミトヨシヤクショサイタチョウシャ,,,1304,0001,香川県,三豊市,財田町財田上,2171-1,,34.11937528,133.7788773,,,(0875)67-0100,,,,,7690401,,,月火水木金,08:30,17:15,土日、祝日は利用不可。また、12/29～1/3は利用不可。,,有,有,,有,,,,,,,有,,,,,,,,,,
372081,1000010025,香川県三豊市,持込場所（財田町）,モチコミバショ（サイタチョウ）,,,,0001,香川県,三豊市,財田町財田上,2139,,34.116315 ,133.782196 ,,,(0875)73-3007,,kankyou@city.mitoyo.lg.jp,,,7678585,,三豊市,第2・4日曜日,07:00,09:00,,,,,,,,,,,,,,,,,,,,https://www.city.mitoyo.lg.jp/kurashi/kankyo_petto/1/3671.html,,,
372081,1000010026,香川県三豊市,財田町土づくりセンター,サイタチョウツチヅクリセンター,Saita-cho soil improvement center,,1399,0002,香川県,三豊市,財田町財田中,5349番地3,,34.12304084,133.7676953,,,,,,,,7690402,,香川県農業協同組合,月火水木金,08:00,17:00,祝日は利用不可。また、12/30～1/3は終日利用不可。,,無,無,無,無,無,無,無,無,無,無,無,無,無,無,無,無,無,,,,
372081,1000010027,香川県三豊市,財田町防災センター,サイタチョウボウサイセンター,,,2299,0002,香川県,三豊市,財田町財田中,598,,34.10828619,133.7612703,,,,,,,,,,,,,,,,,,,,,,,,,,,,,,,,,,,,
372081,1000010028,香川県三豊市,財田方面隊第５分団２部屯所,サイタホウメンタイダイゴブンダンニブトンショ,,,2299,0002,香川県,三豊市,財田町財田中,1145-3,,34.10225618,133.7521035,,,,,,,,,,,,,,,,,,,,,,,,,,,,,,,,,,,,
372081,1000010029,香川県三豊市,財田方面隊第４分団屯所,サイタホウメンタイダイヨンブンダントンショ,,,2299,0002,香川県,三豊市,財田町財田中,3439-1,,34.11138011,133.771045,,,,,,,,,,,,,,,,,,,,,,,,,,,,,,,,,,,,
372081,1000010030,香川県三豊市,宮尾団地,ミヤオダンチ,,,,0002,香川県,三豊市,財田町財田中,3737-1,,34.11537994,133.7678007,階数,2,,,,,,7690402,,三豊市,月火水木金土日,,,,,,,,無,無,無,無,無,,,無,無,無,無,,無,無,,,,
372081,1000010031,香川県三豊市,麻防災倉庫,アサボウサイソウコ,,,2204,0003,香川県,三豊市,高瀬町上麻,3320-7,,34.18301889,133.7739237,,,,,,,,,,,,,,,,,,,,,,,,,,,,,,,,,,,,
372081,1000010032,香川県三豊市,高瀬方面隊第５分団１部屯所,タカセホウメンタイダイゴブンダンイチブトンショ,,,2299,0003,香川県,三豊市,高瀬町上麻,3697,,34.1764276,133.7705973,,,,,,,,,,,,,,,,,,,,,,,,,,,,,,,,,,,,
372081,1000010033,香川県三豊市,高瀬方面隊第５分団４部屯所,タカセホウメンタイダイゴブンダンヨンブトンショ,,,2299,0003,香川県,三豊市,高瀬町上麻,乙572-17,,34.17682368,133.7995699,,,,,,,,,,,,,,,,,,,,,,,,,,,,,,,,,,,,
372081,1000010034,香川県三豊市,高瀬方面隊第５分団５部屯所,タカセホウメンタイダイゴブンダンゴブトンショ,,,2299,0004,香川県,三豊市,高瀬町上勝間,3074-1,,34.18352559,133.7524271,,,,,,,,,,,,,,,,,,,,,,,,,,,,,,,,,,,,
372081,1000010035,香川県三豊市,高瀬方面隊第２分団屯所,タカセホウメンタイダイニブンダントンショ,,,2299,0004,香川県,三豊市,高瀬町上勝間,490,,34.17105299,133.7272371,,,,,,,,,,,,,,,,,,,,,,,,,,,,,,,,,,,,
372081,1000010036,香川県三豊市,冷瀬井水防倉庫,レイセイスイボウソウコ,,,2204,0004,香川県,三豊市,高瀬町上勝間,1700-5,,34.17597692,133.7295306,,,,,,,,,,,,,,,,,,,,,,,,,,,,,,,,,,,,
372081,1000010037,香川県三豊市,総合体育館,ソウゴウタイイクカン,,,1110,0005,香川県,三豊市,高瀬町上高瀬,751-24,,34.20321601,133.7288613,,,(0875)72-1500,,,,,,,,火水木金土日,08:30,22:00,月曜祝日の場合は開館・翌日が休み,,有,有,無,有,有,有,無,無,無,無,有,有,有,有,無,無,有,,,,
372081,1000010038,香川県三豊市,高瀬町公民館上高瀬分館,タカセチョウコウミンカンカミタカセブンカン,,,1307,0005,香川県,三豊市,高瀬町上高瀬,751-24,,34.19433958,133.7271404,,,,,,,,7670001,,,,,,,,,,,,,,,,,,,,,,,,,,,,
372081,1000010039,香川県三豊市,高瀬町産地形成促進施設（心泉市たかせ）,タカセチョウサンチケイセイソクシンシセツ,,心泉市たかせ,,0005,香川県,三豊市,高瀬町上高瀬,768番地1,,34.19421,133.72957,,,(0875)73-3726,,,,FAX:0875-56-2581,7670001,,,月火水木金土日,09:00,18:00,毎月第2火曜日定休、祝日の場合は翌水曜日,,有,有,無,無,有,無,無,無,無,有,有,無,無,無,無,無,有,,,,
372081,1000010040,香川県三豊市,高瀬町総合交流ターミナル施設,タカセチョウソウゴウコウリュウターミナルシセツ,,たかせ天然温泉,,0005,香川県,三豊市,高瀬町上高瀬,768番地1,,34.194653,133.729707,,,(0875)73-3726,,,,FAX:0875-56-2581,7670001,,,月火水木金土日,10:00,23:00,毎月第2火曜日定休、祝日の場合は翌水曜日,,有,有,無,無,有,無,無,無,無,有,有,無,無,無,有,無,有,https://www.souyu.co.jp/shisetsu/takase,,,
372081,1000010041,香川県三豊市,高瀬方面隊第１分団屯所,タカセホウメンタイダイイチブンダントンショ,,,2299,0005,香川県,三豊市,高瀬町上高瀬,200-1,,34.19115825,133.7246122,,,,,,,,,,,,,,,,,,,,,,,,,,,,,,,,,,,,
372081,1000010042,香川県三豊市,緑ヶ丘サッカー場,ミドリガオカサッカージョウ,,,1104,0005,香川県,三豊市,高瀬町上高瀬,751-1,,34.19592,133.72884,,,(0875)72-1500,,,,,,,,火水木金土日,08:30,22:00,月曜祝日の場合は開館・翌日が休み,,有,無,無,有,無,無,無,無,無,無,無,無,無,無,無,無,無,,,,
372081,1000010043,香川県三豊市,高瀬町公民館二ノ宮分館,タカセチョウコウミンカンニノミヤブンカン,,,1307,0006,香川県,三豊市,高瀬町佐股,甲3343-4,,34.16012156,133.738346,,,,,,,,7670021,,,,,,,,,,,,,,,,,,,,,,,,,,,,
372081,1000010044,香川県三豊市,高瀬方面隊第４分団１部屯所,タカセホウメンタイダイヨンブンダンイチブトンショ,,,2299,0006,香川県,三豊市,高瀬町佐股,甲1489-15,,34.15816641,133.7403671,,,,,,,,,,,,,,,,,,,,,,,,,,,,,,,,,,,,
372081,1000010045,香川県三豊市,高瀬方面隊第４分団２部屯所,タカセホウメンタイダイヨンブンダンニブトンショ,,,2299,0006,香川県,三豊市,高瀬町佐股,甲1975-1,,34.14767595,133.7482965,,,,,,,,,,,,,,,,,,,,,,,,,,,,,,,,,,,,
372081,1000010046,香川県三豊市,三豊市南部学校給食センター,ミトヨシナンブガッコウキュウショクセンター,,南部学校給食センター,1599,0006,香川県,三豊市,高瀬町佐股,乙420-2,,34.15132932,133.73344,階数,2,(0875)74-6868,,,,,7670021,,三豊市,月火水木金,08:00,17:00,給食調理場のため一般公開はしていません。見学希望の場合はご連絡をお願いいたします。,学校給食調理場,無,無,無,無,有,無,無,無,無,無,無,無,無,無,無,無,無,,,,
372081,1000010047,香川県三豊市,朝日山森林公園,アサヒヤマシンリンコウエン,,,1003,0007,香川県,三豊市,高瀬町下麻,3829-188,,34.18051074,133.7617679,,,,,,,,7670013,,,月火水木金土日,00:00,23:59,,,,,,有,,,,,,,,,,,,,,,,,
372081,1000010048,香川県三豊市,高瀬町朝日山資料館,タカセチョウアサヒヤマシリョウカン,,,0801,0007,香川県,三豊市,高瀬町下麻,3914,,34.17875532,133.7599443,,,,,,,,7670014,,,,,,,,,,,,,,,,,,,,,,,,,,,,
372081,1000010049,香川県三豊市,高瀬町公民館麻分館,タカセチョウコウミンカンアサブンカン,,,1307,0007,香川県,三豊市,高瀬町下麻,1209-1,,34.17657813,133.7680284,,,,,,,,7670013,,,,,,,,,,,,,,,,,,,,,,,,,,,,
372081,1000010050,香川県三豊市,高瀬方面隊第５分団２部屯所,タカセホウメンタイダイゴブンダンニブトンショ,,,2299,0007,香川県,三豊市,高瀬町下麻,2117-1,,34.18545112,133.7665654,,,,,,,,,,,,,,,,,,,,,,,,,,,,,,,,,,,,
372081,1000010051,香川県三豊市,勝間団地 ,カツマダンチ,,,,0008,香川県,三豊市,高瀬町下勝間,644,,34.1754517,133.7229711,階数,2,,,,,,7670011,,三豊市,月火水木金土日,,,,,,,,無,無,無,無,無,,,無,無,無,無,,無,無,,,,
372081,1000010052,香川県三豊市,神原団地,カンバラダンチ,,,,0008,香川県,三豊市,高瀬町下勝間,2125,,34.17896568,133.7106901,階数,3,,,,,,7670011,,三豊市,月火水木金土日,,,,,,,,無,無,無,無,無,,,無,無,無,無,,無,無,,,,
372081,1000010053,香川県三豊市,高瀬町公民館勝間分館,タカセチョウコウミンカンカツマブンカン,,,1307,0008,香川県,三豊市,高瀬町下勝間,350-2,,34.17500811,133.726722,,,,,,,,7670011,,,,,,,,,,,,,,,,,,,,,,,,,,,,
372081,1000010054,香川県三豊市,高瀬町体育館,タカセチョウタイイクカン,,,1110,0008,香川県,三豊市,高瀬町下勝間,2687-1,,34.1803123,133.7202743,,,(0875)73-3138,,,,,,,,月火水木金土日,08:30,22:00,,,有,有,無,有,無,無,無,無,無,無,有,無,無,無,無,無,無,,,,
372081,1000010055,香川県三豊市,高瀬町防災センター,タカセチョウボウサイセンター,,,2299,0008,香川県,三豊市,高瀬町下勝間,2443-1,,34.18135751,133.7157155,,,,,,,,,,,,,,,,,,,,,,,,,,,,,,,,,,,,
372081,1000010056,香川県三豊市,法事団地,ホウジダンチ,,,,0008,香川県,三豊市,高瀬町下勝間,465,,34.17878626,133.7225302,階数,2,,,,,,7670011,,三豊市,月火水木金土日,,,,,,,,無,無,無,無,無,,,無,無,無,無,,無,無,,,,
372081,1000010057,香川県三豊市,三豊市危機管理センター,ミトヨシキキカンリセンター,,,1302,0008,香川県,三豊市,高瀬町下勝間,2373-1,,34.18241174,133.7153691,,,(0875)73-3000,,,,,7670011,,,月火水木金,08:30,17:15,土日、祝日は利用不可。また、12/29～1/3は利用不可。,,有,有,,有,有,,,,,,有,有,有,有,,,,,,,
372081,1000010058,香川県三豊市,三豊市たかせ人権福祉センター,ミトヨシタカセジンケンフクシセンター,,,,0008,香川県,三豊市,高瀬町下勝間,430-1,,34.17882592,133.722775,,,(0875)72-2501,,tks-jinken@city.mitoyo.lg.jp,,,,,,月火水木金,08:30,17:15,祝日は利用不可。また、12/29~1/3は終日利用不可。,,,,,,,,,,,,,,,,,,,,,,
372081,1000010059,香川県三豊市,三豊市高瀬町勝間集会所,ミトヨシタカセチョウカツマシュウカイショ,Mitoyo city takase-chou katsuma meeting place,勝間集会所,,0008,香川県,三豊市,高瀬町下勝間,431-1,,34.17899829,133.7225994,,,(0875)73-3131,,gakkoukyouiku@city.mitoyo.lg.jp,,,7670011,,,月火水木金,08:30,17:00,,,無,無,無,無,無,,,,,,,,,,,,,,,,
372081,1000010060,香川県三豊市,三豊市役所,ミトヨシヤクショ,,,1302,0008,香川県,三豊市,高瀬町下勝間,2373-1,,34.18241174,133.7153691,,,(0875)73-3000,,,,,7670011,,,月火水木金,08:30,17:15,土日、祝日は利用不可。また、12/29～1/3は利用不可。,,有,有,,有,有,,,,,,有,,,,,,,,,,
372081,1000010061,香川県三豊市,みとよ未来創造館（高瀬町農村環境改善センター）,ミトヨミライソウゾウカン（タカセチョウノウソンカンキョウカイゼンセンター）,,,1599,0008,香川県,三豊市,高瀬町下勝間,2347-1,,34.18200256,133.7140288,,,(0875)73-3051,,,,,7670011,,,,,,,,,,,,,,,,,,,,,,,,,,,,
372081,1000010062,香川県三豊市,持込場所（高瀬町）,モチコミバショ（タカセチョウ）,,,,0008,香川県,三豊市,高瀬町下勝間,2344ー1,三観広域北消防署東側,34.178526 ,133.715933 ,,,(0875)73-3007,,kankyou@city.mitoyo.lg.jp,,,7678585,,三豊市,水日,07:00,09:00,有害金属ごみ、廃食油の持込は第2・4日曜日,,,,,,,,,,,,,,,,,,,https://www.city.mitoyo.lg.jp/kurashi/kankyo_petto/1/3671.html,,,
372081,1000010063,香川県三豊市,高瀬方面隊第４分団３部屯所,タカセホウメンタイダイヨンブンダンサンブトンショ,,,2299,0010,香川県,三豊市,高瀬町羽方,710-5,,34.14257269,133.7287956,,,,,,,,,,,,,,,,,,,,,,,,,,,,,,,,,,,,
372081,1000010064,香川県三豊市,高瀬町公民館比地二分館,タカセチョウコウミンカンヒジフタブンカン,,,1307,0011,香川県,三豊市,高瀬町比地,186-1,,34.17832633,133.6927603,,,,,,,,7670004,,,,,,,,,,,,,,,,,,,,,,,,,,,,
372081,1000010065,香川県三豊市,高瀬方面隊第３分団屯所,タカセホウメンタイダイサンブンダントンショ,,,2299,0011,香川県,三豊市,高瀬町比地,101-1,,34.17888937,133.6950009,,,,,,,,,,,,,,,,,,,,,,,,,,,,,,,,,,,,
372081,1000010066,香川県三豊市,高瀬町老人デイサービスセンター,タカセチョウロウジンデイサービスセンター,Takase Town old man Day Service Center,高瀬町老人デイサービスセンター,1409,0012,香川県,三豊市,高瀬町比地中,2986‐9,,34.17394067,133.7032709,,,(0875)73-6271,,,,,7670003,,,,,,,,,,,,,,,,,,,,,,,,,,,,
372081,1000010067,香川県三豊市,高瀬B＆G海洋センター,タカセビーアンドジーカイヨウセンター,,,1110,0012,香川県,三豊市,高瀬町比地中,2986-2,,34.1733592,133.7041412,,,(0875)73-4700,,,,,,,,火水木金土日,08:30,22:00,月曜祝日の場合は開館・翌日が休み,,有,無,無,有,無,無,無,無,無,無,有,無,無,無,無,無,無,,,,
372081,1000010068,香川県三豊市,定住促進住宅高瀬中央,テイジュウソクシンジュウタクタカセチュウオウ,,,,0012,香川県,三豊市,高瀬町比地中,1447-7,,34.18076665,133.7099092,階数,5,,,,,,7670003,,三豊市,月火水木金土日,,,,,,,,無,無,有,無,無,,,無,無,無,無,,無,無,,,,
372081,1000010069,香川県三豊市,爺神公園,トカミコウエン,,,1003,0012,香川県,三豊市,高瀬町比地中,5150-3,,34.18575284,133.7054191,,,,,,,,7670003,,,月火水木金土日,00:00,23:59,,,,,,有,,,,,,,,,,,,,,,,,
372081,1000010070,香川県三豊市,爺神団地,トカミダンチ,,,,0012,香川県,三豊市,高瀬町比地中,1099-1,,34.18432868,133.7070501,階数,1,,,,,,7670003,,三豊市,月火水木金土日,,,,,,,,無,無,無,無,無,,,無,無,無,無,,無,無,,,,
372081,1000010071,香川県三豊市,西香川病院,ニシカガワビョウイン,Nishikagawa Hospital,西香川病院,1601,0012,香川県,三豊市,高瀬町比地中,2986番地3,,34.17408811,133.7022886,,,(0875)72-5121,,kenkou@city.mitoyo.lg.jp,,,7670003,7000020372081,三豊市,月火水木金,08:15,11:30,土日、祝日、年末年始は休診　＊外来診療は平日の午前中のみ,受付時間8：15~11:30、診療時間8：50~12：00　＊初めての診察は電話にて予約が必要,有,有,無,有,有,無,無,無,無,有,有,無,無,無,無,無,有,,,,
372081,1000010072,香川県三豊市,前田団地,マエダダンチ,,,,0012,香川県,三豊市,高瀬町比地中,1854,,34.18255632,133.7040321,階数,1,,,,,,7670003,,三豊市,月火水木金土日,,,,,,,,無,無,無,無,無,,,無,無,無,無,,無,無,,,,
372081,1000010073,香川県三豊市,三豊市高瀬町前田児童館,ミトヨシタカセチョウマエダジドウカン,,,,0012,香川県,三豊市,高瀬町比地中,1852,,34.18224305,133.7040923,,,(0875)72-5594,,tks-jido@city.mitoyo.lg.jp,,,,,,月火水木金,08:30,17:00,祝日はお休み。また、12/29~1/3は終日お休み。,,,,,,,,,,,,,,,,,,,,,,
372081,1000010074,香川県三豊市,三豊市高瀬町前田集会所,ミトヨシタカセチョウマエダシュウカイショ,Mitoyo city takase-chou maeda meeting place,前田集会所,,0012,香川県,三豊市,高瀬町比地中,1852,,34.18224305,133.7040923,,,(0875)73-3131,,gakkoukyouiku@city.mitoyo.lg.jp,,,7670003,,,月火水木金,08:30,17:00,,,無,無,無,無,無,,,,,,,,,,,,,,,,
372081,1000010075,香川県三豊市,粟島開発総合センター,アワシマカイハツソウゴウセンター,,,1304,0013,香川県,三豊市,詫間町粟島,861-17,,34.26933253,133.6339996,,,(0875)84-7001,,,,,7691108,,,月火水木金,08:30,17:15,土日、祝日は利用不可。また、12/29～1/3は利用不可。,,無,,,無,無,,,,,,,,,,,,,,,,
372081,1000010076,香川県三豊市,粟島少年自然の家,アワシマショウネンシゼンノイエ,,,,0013,香川県,三豊市,詫間町粟島,1617番地1,,34.267359,133.631082,,,(0875)84-7878,,,,,7691108,,,月水木金土日,,,,,無,無,無,無,無,無,無,無,無,無,無,無,無,無,有,無,無,,,,
372081,1000010077,香川県三豊市,粟島診療所,アワシマシンリョウショ,Awashima Clinic,粟島診療所,1602,0013,香川県,三豊市,詫間町粟島,913番地2,,34.27150575,133.6310586,,,(0875)84-7009,,kenkou@city.mitoyo.lg.jp,,,7691108,7000020372081,三豊市,月水金,10:00,17:00,土日、祝日、年末年始は休診、月曜日金曜日は毎週10：00～12：00、第4月曜は15：00～17：00、第1水曜日は13：00～15：00が診療日、そのほかは休診,,有,無,無,無,無,無,無,無,無,有,無,無,無,無,無,無,有,,,,
372081,1000010078,香川県三豊市,粟島中新田公衆トイレ,アワシマナカシンデンコウシュウトイレ,,,2101,0013,香川県,三豊市,詫間町粟島,525-2,,34.27203229,133.6398121,,,,,,,,7691108,,,月火水木金土日,00:00,23:59,,,,,,,,,,,,,,,,,,,,,,,
372081,1000010079,香川県三豊市,詫間方面隊第８分団屯所（潟）,タクマホウメンタイダイハチブンダントンショ（カタ）,,,2299,0013,香川県,三豊市,詫間町粟島,862-2,,34.26959174,133.6334193,,,,,,,,,,,,,,,,,,,,,,,,,,,,,,,,,,,,
372081,1000010080,香川県三豊市,詫間方面隊第８分団屯所（上新田）,タクマホウメンタイダイハチブンダントンショ（カミシンデン）,,,2299,0013,香川県,三豊市,詫間町粟島,55-3,,34.27597587,133.6526917,,,,,,,,,,,,,,,,,,,,,,,,,,,,,,,,,,,,
372081,1000010081,香川県三豊市,ル・ポール粟島,ル・ポールアワシマ,,,,0013,香川県,三豊市,詫間町粟島,1418番地2,,34.268876,133.631712,,,(0875)84-7878,,,,,7691108,,,月水木金土日,11:30,14:00,ランチタイムの時間、火曜日定休,チェックイン：16：00～、チェックアウト：～10：00,有,無,無,無,有,無,無,有,無,無,無,無,無,無,無,無,有,https://le-port.jp/,,,
372081,1000010082,香川県三豊市,ル・ポール粟島（キャビン）,ル・ポールアワシマ（キャビン）,,,,0013,香川県,三豊市,詫間町粟島,1541番地6,,34.26836,133.630798,,,(0875)84-7878,,,,,7691108,,,月水木金土日,,,,チェックイン：16：00～、チェックアウト：～10：00,無,無,無,無,無,無,無,有,無,有,無,無,無,無,無,無,無,https://le-port.jp/,,,
372081,1000010083,香川県三豊市,大浜バス停公衆トイレ,オオハマバステイコウシュウトイレ,,,2101,0014,香川県,三豊市,詫間町大浜,甲1243-3,,34.23387963,133.6104637,,,,,,,,7691104,,,月火水木金土日,00:00,23:59,,,,,,有,,,,,,,,,,,,,,,,,
372081,1000010084,香川県三豊市,紫雲出山登山口公衆トイレ,シウデヤマトザングチコウシュウトイレ,,,2101,0014,香川県,三豊市,詫間町大浜,乙444-5先,,34.23817692,133.59392,,,,,,,,7691104,,,月火水木金土日,00:00,23:59,,,,,,,,,,,,,,,,,,,,,,,
372081,1000010085,香川県三豊市,詫間町紫雲出山遺跡館,タクマチョウシウデヤマイセキカン,,,0801,0014,香川県,三豊市,詫間町大浜,乙451-1,,34.24415945,133.5963231,,,(0875)84-7896,,,,,7691104,,,月水木金土日,09:30,17:00,変動あり 6~8月は9:30～18:00、12～2月は9:30~16:00,,,,,,,,,,,,,,,,,,,,,,
372081,1000010086,香川県三豊市,詫間町荘内自然休養村センター,タクマチョウショウナイシゼンキュウヨウソンセンター,,,1304,0014,香川県,三豊市,詫間町大浜,甲1891-1,,34.23388629,133.6090918,,,(0875)84-6115,,,,,7691104,,,月火水木金,08:30,17:15,土日、祝日は利用不可。また、12/29～1/3は利用不可。,,,,,,,,,,,,,,,,,,,,,,
372081,1000010087,香川県三豊市,詫間方面隊第５分団屯所（大浜）,タクマホウメンタイダイゴブンダントンショ（オオハマ）,,,2299,0014,香川県,三豊市,詫間町大浜,甲2524,,34.23354791,133.606197,,,,,,,,,,,,,,,,,,,,,,,,,,,,,,,,,,,,
372081,1000010088,香川県三豊市,詫間方面隊第５分団屯所（名部戸）,タクマホウメンタイダイゴブンダントンショ（ナブト）,,,2299,0014,香川県,三豊市,詫間町大浜,2428-29,,34.22138319,133.6181103,,,,,,,,,,,,,,,,,,,,,,,,,,,,,,,,,,,,
372081,1000010089,香川県三豊市,詫間方面隊第６分団屯所（伊砂子）,タクマホウメンタイダイロクブンダントンショ（イザコ）,,,2299,0014,香川県,三豊市,詫間町大浜,甲1669-1地先,,34.23711339,133.6177002,,,,,,,,,,,,,,,,,,,,,,,,,,,,,,,,,,,,
372081,1000010090,香川県三豊市,名部戸公衆トイレ,ナブトコウシュウトイレ,,,2101,0014,香川県,三豊市,詫間町大浜,甲2428-18,,34.22133195,133.6181252,,,,,,,,7691104,,,月火水木金土日,00:00,23:59,,,,,,,,,,,,,,,,,,,,,,,
372081,1000010091,香川県三豊市,三豊市詫間町大浜老人いこいの家,ミトヨシタクマチョウオオハマロウジンイコイノイエ,,,,0014,香川県,三豊市,詫間町大浜,甲1653番地,,34.2377182,133.615925,,,,,,,,7691104,,,月火水木金,09:00,22:00,祝日及び年末年始のぞく,,,無,無,無,無,無,無,無,無,無,無,無,無,無,,無,,,,,
372081,1000010092,香川県三豊市,志々島公衆トイレ,シシジマコウシュウトイレ,,,2101,0016,香川県,三豊市,詫間町志々島,481-2先,,34.26929713,133.680983,,,,,,,,7691109,,,月火水木金土日,00:00,23:59,,,,,,,,,,,,,,,,,,,,,,,
372081,1000010093,香川県三豊市,志々島診療所,シシジマシンリョウショ,Shijima Clinic,志々島診療所,1602,0016,香川県,三豊市,詫間町志々島,381番地,,34.27021568,133.6816637,,,(0875)83-5708,,kenkou@city.mitoyo.lg.jp,,,7691109,7000020372081,三豊市,月,13:30,15:30,土日、祝日、年末年始は休診、第１・第３月曜日が診療日,,有,無,無,無,無,無,無,無,無,有,無,無,無,無,無,無,有,,,,
372081,1000010094,香川県三豊市,詫間方面隊第２分団屯所（志々島）,タクマホウメンタイダイニブンダントンショ（シシジマ）,,,2299,0016,香川県,三豊市,詫間町志々島,370-3,,34.27022511,133.6820279,,,,,,,,,,,,,,,,,,,,,,,,,,,,,,,,,,,,
372081,1000010095,香川県三豊市,三豊市詫間町志々島老人いこいの家,ミトヨシタクマチョウシシジマロウジンイコイノイエ,,,,0016,香川県,三豊市,詫間町志々島,394番地2,,34.27011616,133.6815171,,,,,,,,7691109,,,月火水木金,09:00,22:00,祝日及び年末年始のぞく,,,無,無,無,有,無,無,無,無,無,無,無,無,無,,無,,,,,
372081,1000010096,香川県三豊市,弓道場,キュウドウジョウ,,,1120,0017,香川県,三豊市,詫間町詫間,6811,,34.2279389,133.6676912,,,(0875)83-4307,,,,,,,,月火水木金土日,08:30,22:00,,,有,有,無,有,無,無,無,無,無,無,有,無,無,無,無,無,無,,,,
372081,1000010097,香川県三豊市,兼用型トイレ(通船待合所付帯施設）,ケンヨウガタトイレ,,,2101,0017,香川県,三豊市,詫間町詫間,2102番地13,,34.22445598,133.6720596,,,(0875)73-3043,,kensetsu@city.mitoyo.lg.jp,,,7691101,7000020372081,三豊市港湾整備事業特別会計,,,,,民間企業が使用,無,無,無,無,無,無,無,無,無,無,無,無,無,無,無,無,無,,,,
372081,1000010098,香川県三豊市,高谷団地,コウヤダンチ,,,,0017,香川県,三豊市,詫間町詫間,6606-50,,34.23726259,133.668799,階数,2,,,,,,7691101,,三豊市,月火水木金土日,,,,,,,,無,無,無,無,無,,,無,無,無,無,,無,無,,,,
372081,1000010099,香川県三豊市,須田港渡船待合所,スダコウトセンマチアイショ,,須田港待合所,3999,0017,香川県,三豊市,詫間町詫間,6807-10,,34.23397049,133.6525212,階数,1,(0875)83-3204,,,,,7691101,,三豊市,月火水木金土日,06:20,19:45,,,有,無,無,有,無,無,無,有,無,無,無,無,無,無,無,無,有,https://www.city.mitoyo.lg.jp/kakuka/seisaku/koutsuu/1_1/1_3/2670.html,,,
372081,1000010100,香川県三豊市,詫間中央霊園,タクマチュウオウレイエン,,,,0017,香川県,三豊市,詫間町詫間,7053ー4,,34.213990 ,133.672827 ,,,(0875)73-3007,,kankyou@city.mitoyo.lg.jp,,,7678585,,三豊市,毎日,,,毎日,,無,無,無,無,無,無,無,無,無,無,無,無,無,無,無,無,無,https://www.city.mitoyo.lg.jp/kurashi/oshirase/3551.html,,,
372081,1000010101,香川県三豊市,詫間町経面上屋倉庫,タクマチョウケイメンウワヤソウコ,,,,0017,香川県,三豊市,詫間町詫間,2112番地74,,34.23346153,133.6768513,,,(0875)73-3043,,kensetsu@city.mitoyo.lg.jp,,,7691101,7000020372081,三豊市港湾整備事業特別会計,,,,,貨物の一時保管目的で民間企業3社が使用,無,無,無,無,無,無,無,無,無,無,無,無,無,無,無,無,無,,,,
372081,1000010102,香川県三豊市,詫間町考古館,タクマチョウコウコカン,,,0801,0017,香川県,三豊市,詫間町詫間,1328-10,,34.22041595,133.6749277,,,(0875)83-6858,,,,,7691101,,,火水木金土日,09:00,17:00,入館は16:30まで,,,,,,,,,,,,,,,,,,,,,,
372081,1000010103,香川県三豊市,詫間町公民館第３分館,タクマチョウコウミンカンダイ３ブンカン,,,1307,0017,香川県,三豊市,詫間町詫間,2214-2,,34.22292945,133.6664403,,,,,,,,7691101,,,,,,,,,,,,,,,,,,,,,,,,,,,,
372081,1000010104,香川県三豊市,詫間町市民運動場　テニスコート,タクマチョウシミンウンドウジョウ　テニスコート,,,1116,0017,香川県,三豊市,詫間町詫間,6812-1,,34.22667,133.66672,,,(0875)83-4307,,,,,,,,月火木金土日,08:30,22:00,,,有,無,無,有,無,無,無,無,無,無,有,無,無,無,無,無,無,,,,
372081,1000010105,香川県三豊市,詫間町市民運動場　野球場,タクマチョウシミンウンドウジョウ　ヤキュウジョウ,,,1103,0017,香川県,三豊市,詫間町詫間,6811,,34.2279389,133.6676912,,,(0875)83-4307,,,,,,,,月火木金土日,08:30,22:00,,,有,無,無,有,無,無,無,無,無,無,有,無,無,無,無,無,無,,,,
372081,1000010106,香川県三豊市,詫間町体育センター,タクマチョウタイイクセンター,,,1110,0017,香川県,三豊市,詫間町詫間,3560-36,,34.2261449,133.6671614,,,(0875)83-4307,,,,,,,,月火木金土日,08:30,22:00,,,有,有,無,有,無,無,無,無,無,無,有,無,無,無,無,無,無,,,,
372081,1000010107,香川県三豊市,詫間町図書館,タクマチョウトショカン,,,1512,0017,香川県,三豊市,詫間町詫間,1338-5,,34.22071651,133.6742236,,,(0875)83-6828,,,,,7691101,,,火水木金土日,09:30,18:00,,,,,,,,,,,,,,,,,,,,,,,
372081,1000010108,香川県三豊市,詫間町民俗資料館,タクマチョウミンゾクシリョウカン,,,0801,0017,香川県,三豊市,詫間町詫間,1328-10,,34.22041595,133.6749277,,,(0875)83-6858,,,,,7691101,,,火水木金土日,09:00,17:00,入館は16:30まで,,,,,,,,,,,,,,,,,,,,,,
372081,1000010109,香川県三豊市,詫間方面隊第３分団屯所,タクマホウメンタイダイサンブンダントンショ,,,2299,0017,香川県,三豊市,詫間町詫間,3897-5,,34.22928642,133.6616045,,,,,,,,,,,,,,,,,,,,,,,,,,,,,,,,,,,,
372081,1000010110,香川県三豊市,詫間方面隊第２分団屯所,タクマホウメンタイダイニブンダントンショ,,,2299,0017,香川県,三豊市,詫間町詫間,1338-153,,34.22064438,133.6730707,,,,,,,,,,,,,,,,,,,,,,,,,,,,,,,,,,,,
372081,1000010111,香川県三豊市,詫間方面隊第４分団屯所,タクマホウメンタイダイヨンブンダントンショ,,,2299,0017,香川県,三豊市,詫間町詫間,5096-6,,34.23295693,133.6515512,,,,,,,,,,,,,,,,,,,,,,,,,,,,,,,,,,,,
372081,1000010112,香川県三豊市,たくまポートメモリアルパーク,タクマポートメモリアルパーク,,たくまポートメモリアルパーク,1003,0017,香川県,三豊市,詫間町詫間,1338-137,,34.22274396,133.6760846,,,(0875)73-3048,,toshiseibi@city.mitoyo.lg.jp,,,,7000020372081,三豊市(都市整備課),月火水木金土日,00:00,23:59,,火気厳禁,無,無,無,無,有,無,無,有,無,無,無,無,無,無,有,無,有,,,,
372081,1000010113,香川県三豊市,中郷団地,チュウゴウダンチ,,,,0017,香川県,三豊市,詫間町詫間,1213-2,,34.21676518,133.6743129,階数,1,,,,,,7691101,,三豊市,月火水木金土日,,,,,,,,無,無,無,無,無,,,無,無,無,無,,無,無,,,,
372081,1000010114,香川県三豊市,通船待合所,ツウセンマチアイショ,,,,0017,香川県,三豊市,詫間町詫間,2102番地13,,34.22445598,133.6720596,,,(0875)73-3043,,kensetsu@city.mitoyo.lg.jp,,,7691101,7000020372081,三豊市港湾整備事業特別会計,,,,,民間企業が使用,無,無,無,無,無,無,無,無,無,無,無,無,無,無,無,無,無,,,,
372081,1000010115,香川県三豊市,西野近隣公園,ニシノキンリンコウエン,,西野近隣公園,1003,0017,香川県,三豊市,詫間町詫間,6812-1,,34.22671996,133.6666286,,,(0875)73-3048,,toshiseibi@city.mitoyo.lg.jp,,,,7000020372081,三豊市(都市整備課),月火水木金土日,00:00,23:59,,火気厳禁,無,無,無,無,無,無,無,有,無,無,無,無,無,無,有,無,有,,,,
372081,1000010116,香川県三豊市,西野団地,ニシノダンチ,,,,0017,香川県,三豊市,詫間町詫間,6827-5,,34.23175804,133.6673322,階数,3,,,,,,7691101,,三豊市,月火水木金土日,,,,,,,,無,無,無,無,無,,,無,無,無,無,,無,無,,,,
372081,1000010117,香川県三豊市,塩生児童公園,ハブジドウコウエン,,塩生児童公園,1003,0017,香川県,三豊市,詫間町詫間,6860,,34.23270347,133.6662296,,,(0875)73-3048,,toshiseibi@city.mitoyo.lg.jp,,,,7000020372081,三豊市(都市整備課),月火水木金土日,00:00,23:59,,火気厳禁,無,無,無,無,無,無,無,有,無,無,無,無,無,無,有,無,有,,,,
372081,1000010118,香川県三豊市,武道館,ブドウカン,,,1113,0017,香川県,三豊市,詫間町詫間,3560-39,,34.2258073,133.6674758,,,(0875)83-4307,,,,,,,,月火木金土日,08:30,22:00,,,有,有,無,有,無,無,無,無,無,無,有,無,無,無,無,無,無,,,,
372081,1000010119,香川県三豊市,的場団地,マトバダンチ,,,,0017,香川県,三豊市,詫間町詫間,339,,34.21694912,133.6823649,階数,1,,,,,,7691101,,三豊市,月火水木金土日,,,,,,,,無,無,無,無,無,,,無,無,無,無,,無,無,,,,
372081,1000010120,香川県三豊市,三豊市詫間町第4分館老人いこいの家,ミトヨシタクマチョウダイヨンブンカンロウジンイコイノイエ,,,,0017,香川県,三豊市,詫間町詫間,4233番地2,,34.23156682,133.6559328,,,,,,,,7691101,,,月火水木金,09:00,22:00,祝日及び年末年始のぞく,,,無,無,無,無,無,無,無,無,無,無,無,無,無,,無,,,,,
372081,1000010121,香川県三豊市,三豊市詫間ふれあい交流館,ミトヨシタクマフレアイコウリュウカン,,,,0017,香川県,三豊市,詫間町詫間,745番地1,,34.21802745,133.6776529,,,,,,,,7691101,,,月火木金土日,09:00,22:00,水曜日及び12月29日から1月3日のぞく,,,無,無,有,無,無,無,無,無,無,無,無,無,無,,無,,,,,
372081,1000010122,香川県三豊市,三豊市文化会館（愛称「マリンウェーブ」）,ミトヨシブンカカイカン（アイショウ「マリンウェーブ」）,,,1599,0017,香川県,三豊市,詫間町詫間,1338-127,,34.2215387,133.6744676,,,(0875)56-5111,,,,,7691101,,,月水木金土日,09:00,22:00,利用受付時間は9時から17時まで,,,,,,,,,,,,,,,,,,,,,,
372081,1000010123,香川県三豊市,三豊市役所詫間庁舎,ミトヨシヤクショタクマチョウシャ,,,1304,0017,香川県,三豊市,詫間町詫間,1338-127,マリンウエーブ内,34.2215387,133.6744676,,,(0875)83-3111,,,,,7691101,,,月火水木金,08:30,17:15,土日、祝日は利用不可。また、12/29～1/3は利用不可。,,有,有,,有,,,,,,,有,,,,,,,,,,
372081,1000010124,香川県三豊市,持込場所（詫間町）,モチコミバショ（タクマチョウ）,,,,0017,香川県,三豊市,詫間町詫間,1338ー13,,34.217000 ,133.676000 ,,,(0875)73-3007,,kankyou@city.mitoyo.lg.jp,,,7678585,,三豊市,水日,07:00,09:00,有害金属ごみ、廃食油の持込は第2・4日曜日,,,,,,,,,,,,,,,,,,,https://www.city.mitoyo.lg.jp/kurashi/kankyo_petto/1/3671.html,,,
372081,1000010125,香川県三豊市,詫間方面隊第６分団屯所（積）,タクマホウメンタイダイロクブンダントンショ（ツム）,,,2299,0018,香川県,三豊市,詫間町積,252-4,,34.24581049,133.6118583,,,,,,,,,,,,,,,,,,,,,,,,,,,,,,,,,,,,
372081,1000010126,香川県三豊市,詫間方面隊第７分団屯所（生里）,タクマホウメンタイダイナナブンダントンショ（ナマリ）,,,2299,0019,香川県,三豊市,詫間町生里,380-2,,34.25205347,133.5810289,,,,,,,,,,,,,,,,,,,,,,,,,,,,,,,,,,,,
372081,1000010127,香川県三豊市,生里公衆便所,ナマリコウシュウベンジョ,,,2101,0019,香川県,三豊市,詫間町生里,1284番地52,,34.25192425,133.5776273,,,(0875)73-3043,,kensetsu@city.mitoyo.lg.jp,,,7691107,,三豊市,月火水木金土日,00:00,23:59,24時間利用可,,有,無,無,有,有,無,無,有,無,無,有,無,無,無,無,無,無,,,,
372081,1000010128,香川県三豊市,仁老浜公衆トイレ,ニロハマコウシュウトイレ,,,2101,0019,香川県,三豊市,詫間町生里,1160-2,,34.25789567,133.5750101,,,,,,,,7691107,,,月火水木金土日,00:00,23:59,,,,,,,,,,,,,,,,,,,,,,,
372081,1000010129,香川県三豊市,詫間町箱浦ビジターハウス,タクマチョウハコウラビジターセンター,,,1307,0020,香川県,三豊市,詫間町箱,859-29,,34.25842408,133.5887172,,,(0875)84-7757,,,,,7691106,,,火水木金土日,09:00,22:00,月曜日は利用不可。また、12/29～1/3は利用不可。,,,,,,,,,,,,,,,,,,,,,,
372081,1000010130,香川県三豊市,詫間方面隊第７分団屯所（箱）,タクマホウメンタイダイナナブンダントンショ（ハコ）,,,2299,0020,香川県,三豊市,詫間町箱,859-28,,34.25867496,133.5886725,,,,,,,,,,,,,,,,,,,,,,,,,,,,,,,,,,,,
372081,1000010131,香川県三豊市,三豊市詫間町箱浦老人いこいの家,ミトヨシタクマチョウハコウラロウジンイコイノイエ,,,,0020,香川県,三豊市,詫間町箱,551番地1,,34.25595418,133.5877213,,,,,,,,7691106,,,月火水木金,09:00,22:00,祝日及び年末年始のぞく,,,無,無,無,無,無,無,無,無,無,無,無,無,無,,無,,,,,
372081,1000010132,香川県三豊市,唐崎団地,カラサキダンチ,,,,0021,香川県,三豊市,詫間町松崎,204-2,,34.21516135,133.6993198,階数,2,,,,,,7691102,,三豊市,月火水木金土日,,,,,,,,無,無,無,無,無,,,無,無,無,無,,無,無,,,,
372081,1000010133,香川県三豊市,詫間駅駐輪場,タクエキチュウリンジョウ,,,3732,0021,香川県,三豊市,詫間町松崎,708-6,,34.22026949,133.6926378,,,,,,,,7691102,,,月火水木金土日,00:00,23:59,,,,,,,,,,,,,,,,,,,,,,,
372081,1000010134,香川県三豊市,詫間町松崎コミュニティセンター,タクマチョウマツサキコミュニティセンター,,,1307,0021,香川県,三豊市,詫間町松崎,717-1,,34.22105055,133.6932672,,,(0875)83-6696,,,,,7691102,,,火水木金土日,09:00,22:00,月曜日は利用不可。また、12/29～1/3は利用不可。,,,,,有,,,,,,,,,,,,,,,,,
372081,1000010135,香川県三豊市,詫間町水出運動公園,タクマチョウミズイデウンドウコウエン,,,1106,0021,香川県,三豊市,詫間町松崎,2810,,34.23413,133.697674,,,(0875)83-4307,,,,,,,,月火木金土日,08:30,22:00,,,有,無,無,有,無,無,無,無,無,無,有,無,無,無,無,無,無,,,,
372081,1000010136,香川県三豊市,詫間方面隊第１分団屯所,タクマホウメンタイダイイチブンダントンショ,,,2299,0021,香川県,三豊市,詫間町松崎,2770-270,,34.21862938,133.6904762,,,,,,,,,,,,,,,,,,,,,,,,,,,,,,,,,,,,
372081,1000010137,香川県三豊市,松崎東団地,マッサキヒガシダンチ,,,,0021,香川県,三豊市,詫間町松崎,165-1,,34.21702179,133.6997911,階数,1,,,,,,7691102,,三豊市,月火水木金土日,,,,,,,,無,無,無,無,無,,,無,無,無,無,,無,無,,,,
372081,1000010138,香川県三豊市,豊中町公民館桑山分館,トヨナカチョウコウミンカンクワヤマブンカン,,,1307,0022,香川県,三豊市,豊中町岡本,188-1,,34.15375915,133.6818296,,,,,,,,7691507,,,,,,,,,,,,,,,,,,,,,,,,,,,,
372081,1000010139,香川県三豊市,豊中方面隊第１分団３部車庫,トヨナカホウメンタイダイイチブンダンサンブシャコ,,,2299,0022,香川県,三豊市,豊中町岡本,2549,,34.14438352,133.6776106,,,,,,,,,,,,,,,,,,,,,,,,,,,,,,,,,,,,
372081,1000010140,香川県三豊市,豊中方面隊第１分団屯所,トヨナカホウメンタイダイイチブンダントンショ,,,2299,0022,香川県,三豊市,豊中町岡本,369-3,,34.15138064,133.6840905,,,,,,,,,,,,,,,,,,,,,,,,,,,,,,,,,,,,
372081,1000010141,香川県三豊市,不動の滝カントリーパーク,フドウノタキカントリーパーク,,不動の滝カントリーパーク,1003,0022,香川県,三豊市,豊中町岡本,3566-23,,34.14855135,133.6736621,,,(0875)62-5205,,,,,,1470005005632,NPO法人まちづくり推進隊豊中,月火水木金土日,00:00,23:59,パットゴルフ場利用については、月曜日以外9時から17時まで利用可能。,火気厳禁(一部の場所でバーベキュー可能),無,無,無,無,無,無,無,有,無,無,無,無,無,無,有,無,有,https://mitoyo-machidukuri-toyonaka.com,,,
372081,1000010142,香川県三豊市,三豊市豊中コミュニティセンター,ミトヨシトヨナカコミュニティセンター,,豊中コミュニティセンター,1307,0022,香川県,三豊市,豊中町岡本,3567-6,,34.15004934,133.6724736,階数,2,(0875)62-5205,,,,,,1470005005632,NPO法人まちづくり推進隊豊中,火水木金土日,09:00,22:00,17時以降部屋の予約がない場合、17時で閉館。月曜日は休館日であるが、祝日の場合は利用可能。(12/28~1/4までは終日利用不可),各部屋の貸し出し有り(有料),有,有,無,有,有,無,無,有,無,有,有,無,無,無,有,無,有,https://mitoyo-machidukuri-toyonaka.com,,,
372081,1000010143,香川県三豊市,莚打団地,ムシロウチダンチ,,,,0022,香川県,三豊市,豊中町岡本,1750-1,,34.13994527,133.6891303,階数,1,,,,,,7691507,,三豊市,月火水木金土日,,,,,,,,無,無,無,無,無,,,無,無,無,無,,無,無,,,,
372081,1000010144,香川県三豊市,本山駅駐輪場,モトヤマエキチュウリンジョウ,,,3732,0022,香川県,三豊市,豊中町岡本,1598-1,,34.14593501,133.6865811,,,,,,,,7691507,,,月火水木金土日,00:00,23:59,,,,,,,,,,,,,,,,,,,,,,,
372081,1000010145,香川県三豊市,豊中サン・スポーツランド,トヨナカサンスポーツランド,,,1103,0023,香川県,三豊市,豊中町笠田笠岡,3917-1,,34.1510795,133.7201246,,,(0875)62-6163,,,,,,,,月火木金土日,08:30,22:00,,,有,有,無,有,無,無,無,無,無,無,有,無,無,無,無,無,無,,,,
372081,1000010146,香川県三豊市,豊中町公民館笠田分館,トヨナカチョウコウミンカンカサダブンカン,,,1307,0023,香川県,三豊市,豊中町笠田笠岡,2193-2,,34.15779322,133.7078659,,,,,,,,7691502,,,,,,,,,,,,,,,,,,,,,,,,,,,,
372081,1000010147,香川県三豊市,豊中方面隊第３分団屯所,トヨナカホウメンタイダイサンブンダントンショ,,,2299,0023,香川県,三豊市,豊中町笠田笠岡,2172-10,,34.15747942,133.7064121,,,,,,,,,,,,,,,,,,,,,,,,,,,,,,,,,,,,
372081,1000010148,香川県三豊市,豊中方面隊第４分団屯所,トヨナカホウメンタイダイヨンブンダントンショ,,,2299,0025,香川県,三豊市,豊中町上高野,2577-8,,34.14337559,133.7088907,,,,,,,,,,,,,,,,,,,,,,,,,,,,,,,,,,,,
372081,1000010149,香川県三豊市,平池団地,ヒライケダンチ,,,,0025,香川県,三豊市,豊中町上高野,3386-1,,34.14511601,133.7119308,階数,2,,,,,,7691504,,三豊市,月火水木金土日,,,,,,,,無,無,無,無,無,,,無,無,無,無,,無,無,,,,
372081,1000010150,香川県三豊市,福岡第３団地,フクオカダイサンダンチ,,,,0025,香川県,三豊市,豊中町上高野,3454-1,,34.14534563,133.7112529,階数,1,,,,,,7691504,,三豊市,月火水木金土日,,,,,,,,無,無,無,無,無,,,無,無,無,無,,無,無,,,,
372081,1000010151,香川県三豊市,福岡第２団地,フクオカダイニダンチ,,,,0025,香川県,三豊市,豊中町上高野,3437-1,,34.14688946,133.7114727,階数,1,,,,,,7691504,,三豊市,月火水木金土日,,,,,,,,無,無,無,無,無,,,無,無,無,無,,無,無,,,,
372081,1000010152,香川県三豊市,福岡第４団地,フクオカダイヨンダンチ,,,,0025,香川県,三豊市,豊中町上高野,3418-1,,34.14687992,133.7118871,階数,2,,,,,,7691504,,三豊市,月火水木金土日,,,,,,,,無,無,無,無,無,,,無,無,無,無,,無,無,,,,
372081,1000010153,香川県三豊市,福岡団地,フクオカダンチ,,,,0025,香川県,三豊市,豊中町上高野,3311-1,,34.14685733,133.712667,階数,2,,,,,,7691504,,三豊市,月火水木金土日,,,,,,,,無,無,無,無,無,,,無,無,無,無,,無,無,,,,
372081,1000010154,香川県三豊市,三豊市上高野文化センター,ミトヨシカミタカノブンカセンター,,,,0025,香川県,三豊市,豊中町上高野,2572番地1,,34.14364991,133.7087093,,,(0875)62-2377,,tyn-kbc@city.mitoyo.lg.jp,,,,,,月火水木金,08:30,17:15,祝日は利用不可。また、12/29~1/3は終日利用不可。,,,,,,,,,,,,,,,,,,,,,,
372081,1000010155,香川県三豊市,三豊市豊中町上高野児童館,ミトヨシトヨナカチョウカミタカノジドウカン,,,,0025,香川県,三豊市,豊中町上高野,2573-1,,34.14345896,133.7087091,,,(0875)62-5463,,tyn-jido@city.mitoyo.lg.jp,,,,,,月火水木金,08:30,17:00,祝日はお休み。また、12/29~1/3は終日お休み。,,,,,,,,,,,,,,,,,,,,,,
372081,1000010156,香川県三豊市,三豊市豊中町福岡集会所,ミトヨシトヨナカチョウフクオカシュウカイショ,Mitoyo city toyonaka-chou fukuoka meeting place,福岡集会所,,0025,香川県,三豊市,豊中町上高野,3438-2,,34.14666746,133.7115027,,,(0875)73-3131,,gakkoukyouiku@city.mitoyo.lg.jp,,,7691504,,,月火水木金,08:30,17:00,,,無,無,無,無,無,,,,,,,,,,,,,,,,
372081,1000010157,香川県三豊市,豊中方面隊第１分団１部車庫,トヨナカホウメンタイダイイチブンダンイチブシャコ,,,2299,0026,香川県,三豊市,豊中町下高野,461-1,,34.15985067,133.6852307,,,,,,,,,,,,,,,,,,,,,,,,,,,,,,,,,,,,
372081,1000010158,香川県三豊市,豊中町公民館比地大分館,トヨナカチョウコウミンカンヒジダイブンカン,,,1307,0027,香川県,三豊市,豊中町比地大,2527-1,,34.16772275,133.688279,,,,,,,,7691501,,,,,,,,,,,,,,,,,,,,,,,,,,,,
372081,1000010159,香川県三豊市,豊中方面隊第２分団屯所,トヨナカホウメンタイダイニブンダントンショ,,,2299,0027,香川県,三豊市,豊中町比地大,2578-4,,34.16669758,133.6889556,,,,,,,,,,,,,,,,,,,,,,,,,,,,,,,,,,,,
372081,1000010160,香川県三豊市,比地大駅駐輪場,ヒジダイエキチュウリンジョウ,,,3732,0027,香川県,三豊市,豊中町比地大,1082-1,,34.16761434,133.6905562,,,,,,,,7691501,,,月火水木金土日,00:00,23:59,,,,,,,,,,,,,,,,,,,,,,,
372081,1000010161,香川県三豊市,比地大街区公園,ヒジダガイクコウエン,,,1003,0027,香川県,三豊市,豊中町比地大,2509-1,,34.16727404,133.6901418,,,,,,,,7691501,,,月火水木金土日,00:00,23:59,,,,,,有,,,,,,,,,,,,,,,,,
372081,1000010162,香川県三豊市,財田川リバーサイドパーク,サイタガワリバーサイドパーク,,,1106,0029,香川県,三豊市,豊中町本山甲,1688-1,,34.13847454,133.6914823,,,,,,,,,,,月火水木金土日,08:30,,日没まで,,有,無,無,有,無,無,無,無,無,無,有,無,無,無,無,無,無,,,,
372081,1000010163,香川県三豊市,豊中町公民館本山分館,トヨナカチョウコウミンカンモトヤマブンカン,,,1307,0029,香川県,三豊市,豊中町本山甲,1893-1,,34.14018131,133.6996778,,,,,,,,7691506,,,,,,,,,,,,,,,,,,,,,,,,,,,,
372081,1000010164,香川県三豊市,豊中町体育館,トヨナカチョウタイイクカン,,,1110,0029,香川県,三豊市,豊中町本山甲,148-1,,34.1461674,133.6962037,,,(0875)62-2071,,,,,,,,月火水木金土日,08:30,22:00,,,有,有,無,有,無,無,無,無,無,無,有,無,無,無,無,無,無,,,,
372081,1000010165,香川県三豊市,豊中町農村環境改善センター,トヨナカチョウノウソンカンキョウカイゼンセンター,,,1599,0029,香川県,三豊市,豊中町本山甲,192-1,,34.14735001,133.6955387,,,(0875)62-1155,,,,,7691506,,,,,,,,,,,,,,,,,,,,,,,,,,,,
372081,1000010166,香川県三豊市,豊中町芙蓉文化の里館,トヨナカチョウフヨウブンカノサトカン,,,1599,0029,香川県,三豊市,豊中町本山甲,236,,34.14743782,133.6937053,,,(0875)62-6430,,,,,7691506,,,,,,,,,,,,,,,,,,,,,,,,,,,,
372081,1000010167,香川県三豊市,豊中町芙蓉文化の里館（図書館）,トヨナカチョウフヨウブンカノサトカン（トショカン）,,,1512,0029,香川県,三豊市,豊中町本山甲,236,,34.14743782,133.6937053,,,(0875)62-6430,,,,,7691506,,,火水木金土日,09:00,18:00,,,,,,,,,,,,,,,,,,,,,,,
372081,1000010168,香川県三豊市,豊中町保健センター,トヨナカチョウホケンセンター,Toyonakachyou health center,豊中町保健センター,1499,0029,香川県,三豊市,豊中町本山甲,201番地1,,34.14707631,133.6949706,,,,,kenkou@city.mitoyo.lg.jp,,,7691506,7000020372081,三豊市,月火水木金,08:30,17:15,祝日、年末年始は休館,,有,有,無,有,有,有,無,有,無,無,有,無,無,無,有,無,有,,,,
372081,1000010169,香川県三豊市,豊中トレーニングセンター,トヨナカトレーニングセンター,,,1133,0029,香川県,三豊市,豊中町本山甲,240,,34.147846,133.6945149,,,(0875)62-6540,,,,,,,,火水木金土日,08:30,22:00,,,有,有,無,有,有,無,無,無,無,無,有,無,無,無,無,無,無,,,,
372081,1000010170,香川県三豊市,豊中方面隊第５分団車庫,トヨナカホウメンタイダイゴブンダンシャコ,,,2299,0029,香川県,三豊市,豊中町本山甲,192-1,,34.1470033,133.6956754,,,,,,,,,,,,,,,,,,,,,,,,,,,,,,,,,,,,
372081,1000010171,香川県三豊市,豊中方面隊第５分団屯所,トヨナカホウメンタイダイゴブンダントンショ,,,2299,0029,香川県,三豊市,豊中町本山甲,1403-1,,34.14153234,133.6944131,,,,,,,,,,,,,,,,,,,,,,,,,,,,,,,,,,,,
372081,1000010172,香川県三豊市,三豊市市民交流センター,ミトヨシシミンコウリュウセンタ―,,,1309,0029,香川県,三豊市,豊中町本山甲,192-1,,34.14735001,133.6955387,,,(0875)62-1155,,,,,7691506,,,,,,,,,,,,,,,,,,,,,,,,,,,,
372081,1000010173,香川県三豊市,三豊市役所豊中庁舎・豊中町保健センター,ミトヨシヤクショチョナカチョウシャ・トヨナカホケンセンター,,,1304,0029,香川県,三豊市,豊中町本山甲,201-1,,34.14707631,133.6949706,,,(0875)62-1000,,,,,7691506,,,月火水木金,08:30,17:15,土日、祝日は利用不可。また、12/29～1/3は利用不可。,,有,有,,有,,,,,,,有,,,,,,,,,,
372081,1000010174,香川県三豊市,持込場所（豊中町）,モチコミバショ（トヨナカチョウ）,,,,0029,香川県,三豊市,豊中町本山甲,192ー1,,34.144100 ,133.698192 ,,,(0875)73-3007,,kankyou@city.mitoyo.lg.jp,,,7678585,,三豊市,水日,07:00,09:00,有害金属ごみ、廃食油の持込は第2・4日曜日,,,,,,,,,,,,,,,,,,,https://www.city.mitoyo.lg.jp/kurashi/kankyo_petto/1/3671.html,,,
372081,1000010175,香川県三豊市,仁尾方面隊第４分団２部屯所,ニオホウメンタイダイヨンブンダンニブトンショ,,,2299,0030,香川県,三豊市,仁尾町家の浦,279-3,,34.21635386,133.6261528,,,,,,,,,,,,,,,,,,,,,,,,,,,,,,,,,,,,
372081,1000010176,香川県三豊市,金坂公園,カナサカコウエン,,金坂公園,1003,0031,香川県,三豊市,仁尾町仁尾,己1405,,34.20855326,133.6370397,,,(0875)73-3048,,toshiseibi@city.mitoyo.lg.jp,,,,7000020372081,三豊市(都市整備課),月火水木金土日,00:00,23:59,,火気厳禁,無,無,無,無,無,無,無,有,無,無,無,無,無,無,有,無,有,,,,
372081,1000010177,香川県三豊市,曽保団地,ソホダンチ,,,,0031,香川県,三豊市,仁尾町仁尾,甲239-3,,34.17166138,133.6479579,階数,2,,,,,,7691408,,三豊市,月火水木金土日,,,,,,,,無,無,無,無,無,,,無,無,無,無,,無,無,,,,
372081,1000010178,香川県三豊市,父母ヶ浜海水浴場施設,チチブガハマカイスイヨクジョウ,,,,0031,香川県,三豊市,仁尾町仁尾,乙203番地3,,34.189343,133.64912,,,070-2272-7061,,,,,7691404,,,月火木金土日,14:00,19:00,水曜日定休,海水浴場開設は7月上旬～8月下旬まで,有,無,無,有,有,無,無,有,無,有,無,有,無,有,有,無,有,,,,
372081,1000010179,香川県三豊市,つたじま海水浴場施設・キャンプ場,ツタジマカイスイヨクジョウシセツ,,,,0031,香川県,三豊市,仁尾町仁尾,丁1323番地4,,34.200192,133.628555,,,(0875)82-9003,,,,,7691407,,,月火水木金土日,08:30,16:45,7月上旬～8月下旬まで,,無,無,無,無,無,無,無,無,無,無,無,無,無,無,有,無,無,,,,
372081,1000010180,香川県三豊市,蔦見団地,ツタミダンチ,,,,0031,香川県,三豊市,仁尾町仁尾,丁1452-41,,34.19520044,133.6479634,階数,1,,,,,,7691407,,三豊市,月火水木金土日,,,,,,,,無,無,無,無,無,,,無,無,無,無,,無,無,,,,
372081,1000010181,香川県三豊市,渡船場事務所,トセンバジムショ,,,,0031,香川県,三豊市,仁尾町仁尾,丁1444番地9,,34.204234,133.637148,,,(0875)82-2102,,,,,7691407,,,月水木金土日,08:30,16:45,4月1日~10月31日のみ営業、7・8月は火曜日も営業,,無,無,無,有,無,無,無,無,無,無,無,無,無,無,無,無,無,,,,
372081,1000010182,香川県三豊市,仁尾海岸緑地,ニオカイガンリョクチ,,仁尾海岸緑地,1003,0031,香川県,三豊市,仁尾町仁尾,辛89,,34.19541241,133.6411887,,,(0875)73-3048,,toshiseibi@city.mitoyo.lg.jp,,,,7000020372081,三豊市(都市整備課),月火水木金土日,00:00,23:59,,火気厳禁,無,無,無,無,有,無,無,有,無,無,無,無,無,無,有,無,有,,,,
372081,1000010183,香川県三豊市,仁尾公園,ニオコウエン,,,1103,0031,香川県,三豊市,仁尾町仁尾,辛44-1,,34.20458866,133.6413853,,,(0875)82-5100,,,,,,,,月火水木金土日,08:30,22:00,,,有,無,無,有,無,無,無,無,無,無,有,無,無,無,無,無,無,,,,
372081,1000010184,香川県三豊市,仁尾町水防倉庫,ニオチョウスイボウソウコ,,,2204,0031,香川県,三豊市,仁尾町仁尾,乙1850-1,,34.19864512,133.6525293,,,,,,,,,,,,,,,,,,,,,,,,,,,,,,,,,,,,
372081,1000010185,香川県三豊市,仁尾町体育センター,ニオチョウタイイクセンター,,,1110,0031,香川県,三豊市,仁尾町仁尾,辛34-1,,34.1978013,133.6452535,,,(0875)82-5100,,,,,,,,月火水木金土日,08:30,22:00,野球場は日没まで,,有,有,無,有,無,無,無,無,無,無,有,無,無,無,無,無,無,,,,
372081,1000010186,香川県三豊市,仁尾町文化会館,ニオチョウブンカカイカン,,,1599,0031,香川県,三豊市,仁尾町仁尾,丁296-1,,34.20050554,133.6460303,,,(0875)56-9565,,,,,7691407,,,火水木金土日,,,,,,,,,,,,,,,,,,,,,,,,,
372081,1000010187,香川県三豊市,仁尾町文化会館（図書館）,ニオチョウブンカカイカン（トショカン）,,,1512,0031,香川県,三豊市,仁尾町仁尾,丁296-1,,34.20050554,133.6460303,,,(0875)56-9565,,,,,7691407,,,火水木金土日,09:00,18:00,,,,,,,,,,,,,,,,,,,,,,,
372081,1000010188,香川県三豊市,仁尾町防災センター,ニオチョウボウサイセンター,,,2299,0031,香川県,三豊市,仁尾町仁尾,辛32-1,,34.19720314,133.6448615,,,,,,,,,,,,,,,,,,,,,,,,,,,,,,,,,,,,
372081,1000010189,香川県三豊市,仁尾の上団地,ニオノカミダンチ,,,,0031,香川県,三豊市,仁尾町仁尾,戊510-5,,34.21330052,133.6472328,階数,2,,,,,,7691402,,三豊市,月火水木金土日,,,,,,,,無,無,無,無,無,,,無,無,無,無,,無,無,,,,
372081,1000010190,香川県三豊市,仁尾浜児童公園,ニオハマジドウコウエン,,仁尾浜児童公園,1003,0031,香川県,三豊市,仁尾町仁尾,辛23-2,,34.19906041,133.6439178,,,(0875)73-3048,,toshiseibi@city.mitoyo.lg.jp,,,,7000020372081,三豊市(都市整備課),月火水木金土日,00:00,23:59,,火気厳禁,無,無,無,無,無,無,無,有,無,無,無,無,無,無,有,無,有,,,,
372081,1000010191,香川県三豊市,仁尾浜団地,ニオハマダンチ,,,,0031,香川県,三豊市,仁尾町仁尾,辛41-6,,34.19376814,133.6457349,階数,2,,,,,,7691406,,三豊市,月火水木金土日,,,,,,,,無,無,無,無,無,,,無,無,無,無,,無,無,,,,
372081,1000010192,香川県三豊市,仁尾方面隊第１分団屯所,ニオホウメンタイダイイチブンダントンショ,,,2299,0031,香川県,三豊市,仁尾町仁尾,甲1226,,34.17415274,133.6495343,,,,,,,,,,,,,,,,,,,,,,,,,,,,,,,,,,,,
372081,1000010193,香川県三豊市,仁尾方面隊第３分団屯所,ニオホウメンタイダイサンブンダントンショ,,,2299,0031,香川県,三豊市,仁尾町仁尾,丁296-1,,34.20057678,133.6460184,,,,,,,,,,,,,,,,,,,,,,,,,,,,,,,,,,,,
372081,1000010194,香川県三豊市,仁尾方面隊第４分団１部屯所,ニオホウメンタイダイヨンブンダンイチブトンショ,,,2299,0031,香川県,三豊市,仁尾町仁尾,戊1046-3,,34.20885555,133.6456704,,,,,,,,,,,,,,,,,,,,,,,,,,,,,,,,,,,,
372081,1000010195,香川県三豊市,仁尾マリーナ,ニオマリーナ,,,,0031,香川県,三豊市,仁尾町仁尾,己918番地12,,34.205518,133.635891,,,(0875)82-9003,,,,FAX:0875-82-3276,7691401,,,月水木金土日,08:30,17:30,火曜日定休,,有,無,無,無,有,無,無,無,無,有,無,無,無,無,無,無,無,http://www.nio-marina.com/,,,
372081,1000010196,香川県三豊市,三豊市仁尾町学校給食センター,ミトヨシニオチョウガッコウキュウショクセンター,,仁尾町学校給食センター,1599,0031,香川県,三豊市,仁尾町仁尾,丙1736,三豊市立仁尾小学校,34.20293156,133.6518823,,,(0875)82-2348,,,,,7691403,,三豊市,月火水木金,08:00,17:00,給食調理場のため一般公開はしていません。見学希望の場合はご連絡をお願いいたします。,学校給食調理場,無,無,無,無,無,無,無,無,無,無,無,無,無,無,無,無,無,,,,
372081,1000010197,香川県三豊市,三豊市仁尾町仁尾の上集会所,ミトヨシニオチョウニオノカミシュウカイショ,Mitoyo city nio-chou nionokami meeting place,仁尾の上集会所,,0031,香川県,三豊市,仁尾町仁尾,戊510-36,,34.2133869,133.6469993,,,(0875)73-3131,,gakkoukyouiku@city.mitoyo.lg.jp,,,7691402,,,月火水木金,08:30,17:00,,,無,無,無,無,無,,,,,,,,,,,,,,,,
372081,1000010198,香川県三豊市,三豊市仁尾町仁尾浜集会所,ミトヨシニオチョウニオハマシュウカイショ,Mitoyo city nio-chou niohama meeting place,仁尾浜集会所,,0031,香川県,三豊市,仁尾町仁尾,辛41-9,,34.19344537,133.6459861,,,(0875)73-3131,,gakkoukyouiku@city.mitoyo.lg.jp,,,7691406,,,月火水木金,08:30,17:00,,,無,無,無,無,無,,,,,,,,,,,,,,,,
372081,1000010199,香川県三豊市,三豊市ふれあいプラザにお,ミトヨシフレアイプラザニオ,,,,0031,香川県,三豊市,仁尾町仁尾,戊549番地1,,34.21368366,133.6464629,,,(0875)82-2607,,fureai-plaza@city.mitoyo.lg.jp,,,,,,月火水木金,08:30,17:15,祝日は利用不可。また、12/29~1/3は終日利用不可。,,,,,,,,,,,,,,,,,,,,,,
372081,1000010200,香川県三豊市,三豊市役所市民センター仁尾,ミトヨシヤクショシミンセンターニオ,,,1304,0031,香川県,三豊市,仁尾町仁尾,辛34-2,,34.19706198,133.645602,,,(0875)82-5100,,,,,7691406,,,月火水木金,08:30,17:15,土日、祝日は利用不可。また、12/29～1/3は利用不可。,,有,有,,有,有,,,,,,有,,,,,,,,,,
372081,1000010201,香川県三豊市,宮西団地,ミヤニシダンチ,,,,0031,香川県,三豊市,仁尾町仁尾,乙1834-2,,34.19820294,133.6511618,階数,1,,,,,,7691404,,三豊市,月火水木金土日,,,,,,,,無,無,無,無,無,,,無,無,無,無,,無,無,,,,
372081,1000010202,香川県三豊市,持込場所（仁尾町）,モチコミバショ（ニオチョウ）,,,,0031,香川県,三豊市,仁尾町仁尾,丁1452ー50,,34.193593 ,133.649581 ,,,(0875)73-3007,,kankyou@city.mitoyo.lg.jp,,,7678585,,三豊市,水日,07:00,09:00,有害金属ごみ、廃食油の持込は第2・4日曜日,,,,,,,,,,,,,,,,,,,https://www.city.mitoyo.lg.jp/kurashi/kankyo_petto/1/3671.html,,,
372081,1000010203,香川県三豊市,久保谷霊園,クボタニレイエン,,,,0032,香川県,三豊市,三野町大見,甲7106－1,,34.233568 ,133.705780 ,,,(0875)73-3007,,kankyou@city.mitoyo.lg.jp,,,7678585,,三豊市,毎日,,,毎日,,無,無,無,無,無,無,無,無,無,無,無,無,無,無,無,無,無,https://www.city.mitoyo.lg.jp/kurashi/oshirase/3551.html,,,
372081,1000010204,香川県三豊市,生涯学習研修施設ふれあいパークみの,ショウガイガクシュウシセツフレアイパークミノ,,ふれあいパークみの,,0032,香川県,三豊市,三野町大見,乙74番地,,34.226264,133.722699,,,(0875)72-2601,,,,,7670031,,,月火水木金土日,10:00,22:00,毎月第2水曜日定休,チェックイン：15：00～、チェックアウト：～10：00,有,無,無,有,有,無,無,無,無,有,有,無,有,有,有,無,有,https://www.park-mino.info/,,,
372081,1000010205,香川県三豊市,物産館,ブッサンカン,,,,0032,香川県,三豊市,三野町大見,乙74番地,,34.226955,133.722447,,,(0875)72-5300,,,,,7670031,,,月火水木金土日,08:30,18:00,,,有,無,無,無,無,無,無,無,無,有,有,無,無,無,有,無,無,https://www.park-mino.info/,,,
372081,1000010206,香川県三豊市,三野町公民館大見分館,ミノチョウコウミンカンオオミブンカン,,,1307,0032,香川県,三豊市,三野町大見,甲3047-3,,34.21732743,133.7154583,,,,,,,,7670031,,,,,,,,,,,,,,,,,,,,,,,,,,,,
372081,1000010207,香川県三豊市,三野町はつらつセンター,ミノチョウハツラツセンター,Mino Town hatsuratsu center ,はつらつセンター,1499,0032,香川県,三豊市,三野町大見,甲3034‐1,,34.21678734,133.7148997,,,(0875)73-3211,,,,,7670031,,,,,,,,,,,,,,,,,,,,,,,,,,,,
372081,1000010208,香川県三豊市,三野方面隊第１分団久保谷屯所,ミノホウメンタイダイイチブンダンクボタニトンショ,,,2299,0032,香川県,三豊市,三野町大見,甲6952-1 ,,34.2360152,133.7060331,,,,,,,,,,,,,,,,,,,,,,,,,,,,,,,,,,,,
372081,1000010209,香川県三豊市,三野方面隊第１分団屯所,ミノホウメンタイダイイチブンダントンショ,,,2299,0032,香川県,三豊市,三野町大見,甲3032,,34.21712749,133.7158478,,,,,,,,,,,,,,,,,,,,,,,,,,,,,,,,,,,,
372081,1000010210,香川県三豊市,平柳団地,ヒラヤナギダンチ,,,,0033,香川県,三豊市,三野町下高瀬,2374,,34.1964573,133.7112355,階数,1,,,,,,7670032,,三豊市,月火水木金土日,,,,,,,,無,無,無,無,無,,,無,無,無,無,,無,無,,,,
372081,1000010211,香川県三豊市,三豊市三野町学校給食センター,ミトヨシミノチョウガッコウキュウショクセンター,,三野町学校給食センター,1599,0033,香川県,三豊市,三野町下高瀬,720,三豊市立三野津中学校,34.20538792,133.7007201,,,(0875)72-5006,,,,,7670032,,三豊市,月火水木金,08:00,17:00,給食調理場のため一般公開はしていません。見学希望の場合はご連絡をお願いいたします。,学校給食調理場,無,無,無,無,無,無,無,無,無,無,無,無,無,無,無,無,無,,,,
372081,1000010212,香川県三豊市,三豊市役所市民センター三野,ミトヨシヤクショシミンセンターミノ,,,1304,0033,香川県,三豊市,三野町下高瀬,1978-1,,34.20651824,133.7112618,,,(0875)73-3111,,,,,7670032,,,月火水木金,08:30,17:15,土日、祝日は利用不可。また、12/29～1/3は利用不可。,,有,有,,有,,,,,,,有,,,,,,,,,,
372081,1000010213,香川県三豊市,みの駅駐輪場,ミノエキチュウリンジョウ,,,3732,0033,香川県,三豊市,三野町下高瀬,1944-8,,34.2066947,133.7106472,,,,,,,,7670032,,,月火水木金土日,00:00,23:59,,,,,,,,,,,,,,,,,,,,,,,
372081,1000010214,香川県三豊市,三野町児童公園,ミノチョウジドウコウエン,Mino children's park,,,0033,三豊市,三豊市,三野町下高瀬,2271番地1,,34.20059942,133.7077261,,,,,,,,,,,,,,,,,,,,,,,,,,,,,,,,,,,,
372081,1000010215,香川県三豊市,三野町生涯学習センター,ミノチョウショウガイガクシュウセンター,,,1599,0033,香川県,三豊市,三野町下高瀬,568-1,,34.20257813,133.7061859,,,,,,,,7670032,,,,,,,,,,,,,,,,,,,,,,,,,,,,
372081,1000010216,香川県三豊市,三野町体育センター,ミノチョウタイイクセンター,,,1110,0033,香川県,三豊市,三野町下高瀬,752-2,,34.2027228,133.7032801,,,(0875)73-3111,,,,,,,,月火水木金土日,08:30,22:00,,,有,有,無,有,無,無,無,無,無,無,有,無,無,無,無,無,無,,,,
372081,1000010217,香川県三豊市,三野方面隊第２分団屯所,ミノホウメンタイダイニブンダントンショ,,,2299,0033,香川県,三豊市,三野町下高瀬,569-2,,34.2029397,133.7060487,,,,,,,,,,,,,,,,,,,,,,,,,,,,,,,,,,,,
372081,1000010218,香川県三豊市,持込場所（三野町）,モチコミバショ（ミノチョウ）,,,,0033,香川県,三豊市,三野町下高瀬,569－2,,34.199696 ,133.708704 ,,,(0875)73-3007,,kankyou@city.mitoyo.lg.jp,,,7678585,,三豊市,水日,07:00,09:00,有害金属ごみ、廃食油の持込は第2・4日曜日,,,,,,,,,,,,,,,,,,,https://www.city.mitoyo.lg.jp/kurashi/kankyo_petto/1/3671.html,,,
372081,1000010219,香川県三豊市,北部火葬場七宝苑,ホクブカソウジョウシッポウエン,,,,0034,香川県,三豊市,三野町吉津,丙155ー1,,34.188967 ,133.674754 ,,,(0875)73-3007,,kankyou@city.mitoyo.lg.jp,,,7678585,,三豊市,火葬予約状況による,,,火葬予約状況による,,有,有,無,有,有,無,無,無,無,無,有,無,有,有,有,無,有,https://www.city.mitoyo.lg.jp/gyosei/shisetsu/3061.html,,,
372081,1000010220,香川県三豊市,三豊市三野町太陽の家,ミトヨシミノチョウタイヨウノイエ,,,,0034,香川県,三豊市,三野町吉津,乙2030番地3,,34.20199071,133.6949872,,,,,,,,7670033,,,,09:00,22:00,祝日及び年末年始のぞく,,,無,無,有,有,無,無,無,無,無,無,無,無,無,,無,,,,,
372081,1000010221,香川県三豊市,三野町公民館吉津分館,ミノチョウコウミンカンヨシヅブンカン,,,1307,0034,香川県,三豊市,三野町吉津,甲1073-1,,34.1985441,133.6884595,,,,,,,,7670033,,,,,,,,,,,,,,,,,,,,,,,,,,,,
372081,1000010222,香川県三豊市,三野町保健センター,ミノチョウホケンセンター,Minochou health center,三野町保健センター,1499,0034,香川県,三豊市,三野町吉津,乙2030番地1,,34.2021358,133.6950325,,,,,kenkou@city.mitoyo.lg.jp,,,7670033,7000020372081,三豊市,月火水木金,08:30,17:15,祝日、年末年始は休館,,有,無,無,有,有,有,無,有,無,無,有,無,有,無,有,無,有,,,,
372081,1000010223,香川県三豊市,三野町保健センター（図書館）,ミノチョウホケンセンター（トショカン）,,,1512,0034,香川県,三豊市,三野町吉津,乙2030-1,,34.2021358,133.6950325,,,(0875)73-3121,,,,,7670033,,,火水木金土日,09:00,18:00,,,,,,,,,,,,,,,,,,,,,,,
372081,1000010224,香川県三豊市,三野方面隊第３分団屯所,ミノホウメンタイダイサンブンダントンショ,,,2299,0034,香川県,三豊市,三野町吉津,乙599-1,,34.20120752,133.6796218,,,,,,,,,,,,,,,,,,,,,,,,,,,,,,,,,,,,
372081,1000010225,香川県三豊市,宗吉かわらの里展示館,ムネヨシカワラノサトテンジカン,,,0801,0034,香川県,三豊市,三野町吉津,甲153-1,,34.19290476,133.6994715,,,(0875)56-2301,,,,,7670033,,,火水木金土日,09:00,17:00,入館は16:30まで,,,,,,,,,,,,,,,,,,,,,,
372081,1000010226,香川県三豊市,山本町公民館財田大野分館,ヤマモトチョウコウミンカンサイタオオノブンカン,,,1307,0035,香川県,三豊市,山本町大野,266-1,,34.12186507,133.7281403,,,,,,,,7680102,,,,,,,,,,,,,,,,,,,,,,,,,,,,
372081,1000010227,香川県三豊市,山本町水辺・河川敷運動公園,ヤマモトチョウミズベカセンジキウンドウコウエン,,,1106,0035,香川県,三豊市,山本町大野,2733-4他,,34.1286303,133.7170741,,,(0875)63-1041,,,,,,,,火水木金土日,08:30,,日没まで,,有,無,無,有,無,無,無,無,無,無,有,無,無,無,無,無,無,,,,
372081,1000010228,香川県三豊市,山本方面隊第３分団１部屯所,ヤマモトホウメンタイダイサンブンダンイチブトンショ,,,2299,0035,香川県,三豊市,山本町大野,460-2,,34.12466974,133.7276599,,,,,,,,,,,,,,,,,,,,,,,,,,,,,,,,,,,,
372081,1000010229,香川県三豊市,山本方面隊第３分団３部屯所,ヤマモトホウメンタイダイサンブンダンサンブトンショ,,,2299,0035,香川県,三豊市,山本町大野,3095-4,,34.12405567,133.7150697,,,,,,,,,,,,,,,,,,,,,,,,,,,,,,,,,,,,
372081,1000010230,香川県三豊市,山本方面隊第３分団２部屯所,ヤマモトホウメンタイダイサンブンダンニブトンショ,,,2299,0035,香川県,三豊市,山本町大野,2449-2,,34.13034667,133.7200826,,,,,,,,,,,,,,,,,,,,,,,,,,,,,,,,,,,,
372081,1000010231,香川県三豊市,南部火葬場やすらぎ苑,ナンブカソウジョウヤスラギエン,,,,0036,香川県,三豊市,山本町神田,乙601－1,,34.121982 ,133.765521 ,,,(0875)73-3007,,kankyou@city.mitoyo.lg.jp,,,7678585,,三豊市,火葬予約状況による,,,火葬予約状況による,,有,有,無,有,有,無,無,無,無,無,有,無,有,有,有,無,有,https://www.city.mitoyo.lg.jp/gyosei/shisetsu/3061.html,,,
372081,1000010232,香川県三豊市,宝山湖公園,ホウザンココウエン,,,1104,0036,香川県,三豊市,山本町神田,乙500-1,,34.12756,133.77041,,,(0875)73-3138,,,,,,,,月火水木金土日,08:30,,日没まで,,有,無,無,有,無,無,無,無,無,無,有,無,無,無,無,無,無,,,,
372081,1000010233,香川県三豊市,山本町公民館神田分館,ヤマモトチョウコウミンカンコウダブンカン,,,1307,0036,香川県,三豊市,山本町神田,1250-3,,34.14226181,133.7709746,,,,,,,,7680104,,,,,,,,,,,,,,,,,,,,,,,,,,,,
372081,1000010234,香川県三豊市,山本町産地直売所,ヤマモトチョウサンチチョクバイショ,Yamamoto-cho farm stand,,2614,0036,香川県,三豊市,山本町神田,3549番地1,,34.12830869,133.7525929,,,,,,,,7680104,,ＮＰＯ法人山本ふれあい市の会,水土日,08:00,16:00,4月～9月は7時～14時30分。10月～3月は8時～15時30分。,,有,無,無,無,無,無,無,無,無,無,無,無,無,無,無,無,無,,,,
372081,1000010235,香川県三豊市,山本方面隊第４分団１部屯所,ヤマモトホウメンタイダイヨンブンダンイチブトンショ,,,2299,0036,香川県,三豊市,山本町神田,1240-6,,34.14204044,133.7709587,,,,,,,,,,,,,,,,,,,,,,,,,,,,,,,,,,,,
372081,1000010236,香川県三豊市,山本方面隊第４分団３部屯所,ヤマモトホウメンタイダイヨンブンダンサンブトンショ,,,2299,0036,香川県,三豊市,山本町神田,3569-3,,34.12925221,133.754478,,,,,,,,,,,,,,,,,,,,,,,,,,,,,,,,,,,,
372081,1000010237,香川県三豊市,山本方面隊第４分団２部屯所,ヤマモトホウメンタイダイヨンブンダンニブトンショ,,,2299,0036,香川県,三豊市,山本町神田,766-10,,34.15077718,133.7819478,,,,,,,,,,,,,,,,,,,,,,,,,,,,,,,,,,,,
372081,1000010238,香川県三豊市,山本方面隊第４分団４部屯所,ヤマモトホウメンタイダイヨンブンダンヨンブトンショ,,,2299,0036,香川県,三豊市,山本町神田,2179-1地先,,34.13736386,133.7654644,,,,,,,,,,,,,,,,,,,,,,,,,,,,,,,,,,,,
372081,1000010239,香川県三豊市,山本町公民館河内分館,ヤマモトチョウコウミンカンコウチブンカン,,,1307,0037,香川県,三豊市,山本町河内,1086-1,,34.09978254,133.7348858,,,,,,,,7680105,,,,,,,,,,,,,,,,,,,,,,,,,,,,
372081,1000010240,香川県三豊市,山本方面隊第２分団１部屯所,ヤマモトホウメンタイダイニブンダンイチブトンショ,,,2299,0037,香川県,三豊市,山本町河内,2035-4,,34.07370338,133.7430096,,,,,,,,,,,,,,,,,,,,,,,,,,,,,,,,,,,,
372081,1000010241,香川県三豊市,山本方面隊第２分団屯所,ヤマモトホウメンタイダイニブンダントンショ,,,2299,0037,香川県,三豊市,山本町河内,755,,34.10019455,133.7352786,,,,,,,,,,,,,,,,,,,,,,,,,,,,,,,,,,,,
372081,1000010242,香川県三豊市,山本方面隊第２分団４部屯所,ヤマモトホウメンタイダイニブンダンヨンブトンショ,,,2299,0037,香川県,三豊市,山本町河内,253-1,,34.1091789,133.7346626,,,,,,,,,,,,,,,,,,,,,,,,,,,,,,,,,,,,
372081,1000010243,香川県三豊市,庵上団地,アンカミダンチ,,,,0038,香川県,三豊市,山本町財田西,556,,34.11425524,133.7321361,階数,2,,,,,,7680103,,三豊市,月火水木金土日,,,,,,,,無,無,無,無,無,,,無,無,無,無,,無,無,,,,
372081,1000010244,香川県三豊市,市営住宅庵上団地集会所,シエイジュウタクアンカミダンチシュウカイショ,,,,0038,香川県,三豊市,山本町財田西,556番地,,34.11433559,133.7319688,,,,,,,,,,,,,,,,,,,,,,,,,,,,,,,,,,,,
372081,1000010245,香川県三豊市,三豊市文書館,ミトヨシブンショカン,Mitoyo City Archives,,1399,0038,香川県,三豊市,山本町財田西,375番地,,34.11836753,133.7258325,,,(0875)63-1010,,bunsho@city.mitoyo.lg.jp,,,7680103,,,火水木金土日,09:00,17:00,月曜・祝日休館(ただし土曜・日曜と祝日が重なる場合は開館)。館内整理日(月に1回月末の平日)は休館。12月29日～1月3日は休館,三豊市や旧7町の歴史公文書を保存するとともに、利用に供しています。,有,無,無,有,,無,,,,,有,無,無,無,不可,無,可,https://www.city.mitoyo.lg.jp/section/bunsho/index.html,,,
372081,1000010246,香川県三豊市,持込場所（山本町）,モチコミバショ（ヤマモトチョウ）,,,,0038,香川県,三豊市,山本町財田西,368,,34.115553 ,133.728570 ,,,(0875)73-3007,,kankyou@city.mitoyo.lg.jp,,,7678585,,三豊市,水日,07:00,09:00,有害金属ごみ、廃食油の持込は第2・4日曜日,,,,,,,,,,,,,,,,,,,https://www.city.mitoyo.lg.jp/kurashi/kankyo_petto/1/3671.html,,,
372081,1000010247,香川県三豊市,山本町生涯学習センター,ヤマモトチョウショウガイガクシュウセンター,,,1599,0038,香川県,三豊市,山本町財田西,154,,34.12022285,133.732399,,,(0875)63-1041,,,,,7680103,,,,,,,,,,,,,,,,,,,,,,,,,,,,
372081,1000010248,香川県三豊市,山本町生涯学習センター（図書館）,ヤマモトチョウショウガイガクシュウセンター（トショカン）,,,1512,0038,香川県,三豊市,山本町財田西,154,,34.12022285,133.732399,,,(0875)63-1041,,,,,7680103,,,火水木金土日,09:00,18:00,,,,,,,,,,,,,,,,,,,,,,,
372081,1000010249,香川県三豊市,山本町農村環境改善センター,ヤマモトチョウノウソンカンキョウカイゼンセンター,Yamamoto-cho farm village environment improvement center,,1110,0038,香川県,三豊市,山本町財田西,375番地,,34.11836753,133.7258325,階数,2,,,,,,7680103,,三豊市,火水木金土日,09:00,22:00,12/28～1/3は終日利用不可。,,無,無,無,無,無,無,無,無,無,無,無,無,無,有,無,無,無,,,,
372081,1000010250,香川県三豊市,山本町防災センター,ヤマモトチョウボウサイセンター,,,2299,0038,香川県,三豊市,山本町財田西,380-1,,34.11825211,133.7263349,,,,,,,,,,,,,,,,,,,,,,,,,,,,,,,,,,,,
372081,1000010251,香川県三豊市,山本町保健センター,ヤマモトチョウホケンセンター,Yamamotochyou health center,山本町保健センター,1499,0038,香川県,三豊市,山本町財田西,375番地,,34.11836753,133.7258325,,,,,kenkou@city.mitoyo.lg.jp,,,7680103,7000020372081,三豊市,月火水木金,08:30,17:15,祝日、年末年始は休館,,有,無,無,有,有,有,無,有,無,無,有,無,有,無,有,無,有,,,,
372081,1000010252,香川県三豊市,山本町老人ふれあいプラザ,ヤマモトチョウロウジンフレアイプラザ,Yamamotochou old man contact plaza,山本町老人ふれあいプラザ,1499,0038,香川県,三豊市,山本町財田西,375番地,,34.11836753,133.7258325,,,,,kenkou@city.mitoyo.lg.jp,,,7680103,7000020372081,三豊市,月火水木金,08:30,17:15,祝日、年末年始は休館,,有,無,無,無,有,有,無,有,無,無,有,無,無,無,有,無,有,,,,
372081,1000010253,香川県三豊市,山本ふれあい公園,ヤマモトフレアイコウエン,,,1103,0038,香川県,三豊市,山本町財田西,154,,34.1207919,133.7323238,,,(0875)63-1041,,,,,,,,火水木金土日,08:30,22:00,,,有,無,無,有,無,無,無,無,無,無,有,無,無,無,無,無,無,,,,
372081,1000010254,香川県三豊市,山本方面隊第３分団５部屯所,ヤマモトホウメンタイダイサンブンダンゴブトンショ,,,2299,0038,香川県,三豊市,山本町財田西,425-1,,34.11784745,133.7296171,,,,,,,,,,,,,,,,,,,,,,,,,,,,,,,,,,,,
372081,1000010255,香川県三豊市,山本方面隊第３分団４部屯所,ヤマモトホウメンタイダイサンブンダンヨンブトンショ,,,2299,0038,香川県,三豊市,山本町財田西,1111-1,,34.12111085,133.7384516,,,,,,,,,,,,,,,,,,,,,,,,,,,,,,,,,,,,
372081,1000010256,香川県三豊市,大辻団地,オオツジダンチ,,,,0039,香川県,三豊市,山本町辻,904-1,,34.11991712,133.7140863,階数,1,,,,,,7680101,,三豊市,月火水木金土日,,,,,,,,無,無,無,無,無,,,無,無,無,無,,無,無,,,,
372081,1000010257,香川県三豊市,三豊市役所山本庁舎,ミトヨシヤクショヤマモトチョウシャ,,,1304,0039,香川県,三豊市,山本町辻,333-1,,34.11791046,133.7256067,,,(0875)63-1000,,,,,7680101,,,月火水木金,08:30,17:15,土日、祝日は利用不可。また、12/29～1/3は利用不可。,,有,有,,有,有,,,,,,有,,,,,,,,,,
372081,1000010258,香川県三豊市,山本町公民館辻分館,ヤマモトチョウコウミンカンツジブンカン,,,1307,0039,香川県,三豊市,山本町辻,1374-1,,34.11391903,133.7190563,,,,,,,,7680101,,,,,,,,,,,,,,,,,,,,,,,,,,,,
372081,1000010259,香川県三豊市,山本方面隊第１分団屯所,ヤマモトホウメンタイダイイチブンダントンショ,,,2299,0039,香川県,三豊市,山本町辻,3271-3,,34.11051894,133.7163964,,,,,,,,,,,,,,,,,,,,,,,,,,,,,,,,,,,,
